--env SUMMARY	--env FOLD
A04.gwas.imputed_v3.both_sexes.tsv	tsk1
A08.gwas.imputed_v3.both_sexes.tsv	tsk2
A09.gwas.imputed_v3.both_sexes.tsv	tsk3
A41.gwas.imputed_v3.both_sexes.tsv	tsk4
A63.gwas.imputed_v3.both_sexes.tsv	tsk5
A87.gwas.imputed_v3.both_sexes.tsv	tsk6
AB1_INFECTIONS.gwas.imputed_v3.both_sexes.tsv	tsk7
AB1_INTESTINAL_INFECTIONS.gwas.imputed_v3.both_sexes.tsv	tsk8
AB1_MYCOSES.gwas.imputed_v3.both_sexes.tsv	tsk9
AB1_OTHER_BACTERIAL.gwas.imputed_v3.both_sexes.tsv	tsk10
AB1_OTHER_VIRAL.gwas.imputed_v3.both_sexes.tsv	tsk11
AB1_SEXUAL_TRANSMISSION.gwas.imputed_v3.both_sexes.tsv	tsk12
AB1_VIRAL_CNS.gwas.imputed_v3.both_sexes.tsv	tsk13
AB1_VIRAL_HEPATITIS.gwas.imputed_v3.both_sexes.tsv	tsk14
AB1_VIRAL_SKIN_MUCOUS_MEMBRANE.gwas.imputed_v3.both_sexes.tsv	tsk15
AD.gwas.imputed_v3.both_sexes.tsv	tsk16
AMN2.gwas.imputed_v3.both_sexes.tsv	tsk17
ASTHMA_CHILD.gwas.imputed_v3.both_sexes.tsv	tsk18
ASTHMA_EOSINOPHIL_SUGG.gwas.imputed_v3.both_sexes.tsv	tsk19
ASTHMA_HOSPITAL1.gwas.imputed_v3.both_sexes.tsv	tsk20
ASTHMA_MEDICATIO_COMORB.gwas.imputed_v3.both_sexes.tsv	tsk21
ASTHMA_MODE.gwas.imputed_v3.both_sexes.tsv	tsk22
ASTHMA_OPPORTUNIST_INFECTIONS.gwas.imputed_v3.both_sexes.tsv	tsk23
ASTHMA_PNEUMONIA.gwas.imputed_v3.both_sexes.tsv	tsk24
B02.gwas.imputed_v3.both_sexes.tsv	tsk25
B07.gwas.imputed_v3.both_sexes.tsv	tsk26
B18.gwas.imputed_v3.both_sexes.tsv	tsk27
B34.gwas.imputed_v3.both_sexes.tsv	tsk28
B37.gwas.imputed_v3.both_sexes.tsv	tsk29
BACT_INTEST_INFECTION_NOS.gwas.imputed_v3.both_sexes.tsv	tsk30
BRONCHITIS.gwas.imputed_v3.both_sexes.tsv	tsk31
C_ANUS_ANALCANAL.gwas.imputed_v3.both_sexes.tsv	tsk32
C_BLADDER.gwas.imputed_v3.both_sexes.tsv	tsk33
C_BRAIN.gwas.imputed_v3.both_sexes.tsv	tsk34
C_BREAST_3.gwas.imputed_v3.both_sexes.tsv	tsk35
C_BRONCHUS_LUNG.gwas.imputed_v3.both_sexes.tsv	tsk36
C_CERVIX_UTERI.gwas.imputed_v3.both_sexes.tsv	tsk37
C_COLON.gwas.imputed_v3.both_sexes.tsv	tsk38
C_CONNECTIVE_SOFT_NAS.gwas.imputed_v3.both_sexes.tsv	tsk39
C_CORPUS_UTERI.gwas.imputed_v3.both_sexes.tsv	tsk40
C_DIFFICILE_ENTEROCOLITIS.gwas.imputed_v3.both_sexes.tsv	tsk41
C_DIGESTIVE_ORGANS.gwas.imputed_v3.both_sexes.tsv	tsk42
C_ENDOCRINE.gwas.imputed_v3.both_sexes.tsv	tsk43
C_EYE_ADNEXA.gwas.imputed_v3.both_sexes.tsv	tsk44
C_EYE_BRAIN_NEURO.gwas.imputed_v3.both_sexes.tsv	tsk45
C_FEMALE_GENITAL.gwas.imputed_v3.both_sexes.tsv	tsk46
C_FOLLICULAR_LYMPHOMA.gwas.imputed_v3.both_sexes.tsv	tsk47
C_HODGKIN_LYMPHOMA.gwas.imputed_v3.both_sexes.tsv	tsk48
C_KIDNEY_NOTRENALPELVIS.gwas.imputed_v3.both_sexes.tsv	tsk49
C_LARYNX.gwas.imputed_v3.both_sexes.tsv	tsk50
C_LIP_ORAL_PHARYNX.gwas.imputed_v3.both_sexes.tsv	tsk51
C_LIVER_INTRAHEPATIC_BILE_DUCTS.gwas.imputed_v3.both_sexes.tsv	tsk52
C_LYMPHNODES_SECONDARY_NAS.gwas.imputed_v3.both_sexes.tsv	tsk53
C_LYMPHOID_LEUKAEMIA.gwas.imputed_v3.both_sexes.tsv	tsk54
C_LYMPHOMA.gwas.imputed_v3.both_sexes.tsv	tsk55
C_MALE_GENITAL.gwas.imputed_v3.both_sexes.tsv	tsk56
C_MELANOMA_SKIN.gwas.imputed_v3.both_sexes.tsv	tsk57
C_MESOTHELIOMA.gwas.imputed_v3.both_sexes.tsv	tsk58
C_MESTOTHEL_SOFTTISSUE.gwas.imputed_v3.both_sexes.tsv	tsk59
C_MULTIPLE_MYELOMA_PLASMA_CELL.gwas.imputed_v3.both_sexes.tsv	tsk60
C_MYELOID-LEUKAEMIA.gwas.imputed_v3.both_sexes.tsv	tsk61
C_NONFOLLICULAR_LYMPHOMA.gwas.imputed_v3.both_sexes.tsv	tsk62
C_NONHODGKIN_NAS.gwas.imputed_v3.both_sexes.tsv	tsk63
C_OESOPHAGUS.gwas.imputed_v3.both_sexes.tsv	tsk64
C_OTHER_SKIN.gwas.imputed_v3.both_sexes.tsv	tsk65
C_OVARY.gwas.imputed_v3.both_sexes.tsv	tsk66
C_PANCREAS.gwas.imputed_v3.both_sexes.tsv	tsk67
C_PRIMARY_LYMPHOID_HEMATOPOIETIC.gwas.imputed_v3.both_sexes.tsv	tsk68
C_PROSTATE.gwas.imputed_v3.both_sexes.tsv	tsk69
C_RECTOISIGMOID_JUNCTION.gwas.imputed_v3.both_sexes.tsv	tsk70
C_RECTUM.gwas.imputed_v3.both_sexes.tsv	tsk71
C_RESPIRATORY_INTRATHORACIC.gwas.imputed_v3.both_sexes.tsv	tsk72
C_SECONDARY_RESPIRATORY_DIGESTIVE.gwas.imputed_v3.both_sexes.tsv	tsk73
C_SECONDARY_WITHOUT_SITESPEC.gwas.imputed_v3.both_sexes.tsv	tsk74
C_SKIN.gwas.imputed_v3.both_sexes.tsv	tsk75
C_SMALL_INTESTINE.gwas.imputed_v3.both_sexes.tsv	tsk76
C_STOMACH.gwas.imputed_v3.both_sexes.tsv	tsk77
C_STROKE.gwas.imputed_v3.both_sexes.tsv	tsk78
C_TESTIS.gwas.imputed_v3.both_sexes.tsv	tsk79
C_THYROID_GLAND.gwas.imputed_v3.both_sexes.tsv	tsk80
C_TNK_LYMPHOMA.gwas.imputed_v3.both_sexes.tsv	tsk81
C_TONGUENAS.gwas.imputed_v3.both_sexes.tsv	tsk82
C_TONSIL.gwas.imputed_v3.both_sexes.tsv	tsk83
C_UNCERTAIN_SECONDARY.gwas.imputed_v3.both_sexes.tsv	tsk84
C_URINARY_TRACT.gwas.imputed_v3.both_sexes.tsv	tsk85
C01.gwas.imputed_v3.both_sexes.tsv	tsk86
C02.gwas.imputed_v3.both_sexes.tsv	tsk87
C09.gwas.imputed_v3.both_sexes.tsv	tsk88
C15.gwas.imputed_v3.both_sexes.tsv	tsk89
C16.gwas.imputed_v3.both_sexes.tsv	tsk90
C17.gwas.imputed_v3.both_sexes.tsv	tsk91
C18.gwas.imputed_v3.both_sexes.tsv	tsk92
C19.gwas.imputed_v3.both_sexes.tsv	tsk93
C20.gwas.imputed_v3.both_sexes.tsv	tsk94
C21.gwas.imputed_v3.both_sexes.tsv	tsk95
C22.gwas.imputed_v3.both_sexes.tsv	tsk96
C25.gwas.imputed_v3.both_sexes.tsv	tsk97
C3_ANUS_ANALCANAL.gwas.imputed_v3.both_sexes.tsv	tsk98
C3_BLADDER.gwas.imputed_v3.both_sexes.tsv	tsk99
C3_BRAIN.gwas.imputed_v3.both_sexes.tsv	tsk100
C3_BREAST_3.gwas.imputed_v3.both_sexes.tsv	tsk101
C3_BRONCHUS_LUNG.gwas.imputed_v3.both_sexes.tsv	tsk102
C3_CERVIX_UTERI.gwas.imputed_v3.both_sexes.tsv	tsk103
C3_COLON.gwas.imputed_v3.both_sexes.tsv	tsk104
C3_CONNECTIVE_SOFT_NAS.gwas.imputed_v3.both_sexes.tsv	tsk105
C3_CORPUS_UTERI.gwas.imputed_v3.both_sexes.tsv	tsk106
C3_DIGESTIVE_ORGANS.gwas.imputed_v3.both_sexes.tsv	tsk107
C3_ENDOCRINE.gwas.imputed_v3.both_sexes.tsv	tsk108
C3_EYE_ADNEXA.gwas.imputed_v3.both_sexes.tsv	tsk109
C3_EYE_BRAIN_NEURO.gwas.imputed_v3.both_sexes.tsv	tsk110
C3_FEMALE_GENITAL.gwas.imputed_v3.both_sexes.tsv	tsk111
C3_KIDNEY_NOTRENALPELVIS.gwas.imputed_v3.both_sexes.tsv	tsk112
C3_LARYNX.gwas.imputed_v3.both_sexes.tsv	tsk113
C3_LIP_ORAL_PHARYNX.gwas.imputed_v3.both_sexes.tsv	tsk114
C3_LIVER_INTRAHEPATIC_BILE_DUCTS.gwas.imputed_v3.both_sexes.tsv	tsk115
C3_LYMPHNODES_SECONDARY_NAS.gwas.imputed_v3.both_sexes.tsv	tsk116
C3_MALE_GENITAL.gwas.imputed_v3.both_sexes.tsv	tsk117
C3_MELANOMA_SKIN.gwas.imputed_v3.both_sexes.tsv	tsk118
C3_MESOTHELIOMA.gwas.imputed_v3.both_sexes.tsv	tsk119
C3_MESTOTHEL_SOFTTISSUE.gwas.imputed_v3.both_sexes.tsv	tsk120
C3_OESOPHAGUS.gwas.imputed_v3.both_sexes.tsv	tsk121
C3_OTHER_SKIN.gwas.imputed_v3.both_sexes.tsv	tsk122
C3_OVARY.gwas.imputed_v3.both_sexes.tsv	tsk123
C3_PANCREAS.gwas.imputed_v3.both_sexes.tsv	tsk124
C3_PRIMARY_LYMPHOID_HEMATOPOIETIC.gwas.imputed_v3.both_sexes.tsv	tsk125
C3_PROSTATE.gwas.imputed_v3.both_sexes.tsv	tsk126
C3_RECTOISIGMOID_JUNCTION.gwas.imputed_v3.both_sexes.tsv	tsk127
C3_RECTUM.gwas.imputed_v3.both_sexes.tsv	tsk128
C3_RESPIRATORY_INTRATHORACIC.gwas.imputed_v3.both_sexes.tsv	tsk129
C3_SECONDARY_RESPIRATORY_DIGESTIVE.gwas.imputed_v3.both_sexes.tsv	tsk130
C3_SECONDARY_WITHOUT_SITESPEC.gwas.imputed_v3.both_sexes.tsv	tsk131
C3_SKIN.gwas.imputed_v3.both_sexes.tsv	tsk132
C3_SMALL_INTESTINE.gwas.imputed_v3.both_sexes.tsv	tsk133
C3_STOMACH.gwas.imputed_v3.both_sexes.tsv	tsk134
C3_TESTIS.gwas.imputed_v3.both_sexes.tsv	tsk135
C3_THYROID_GLAND.gwas.imputed_v3.both_sexes.tsv	tsk136
C3_TONGUENAS.gwas.imputed_v3.both_sexes.tsv	tsk137
C3_TONSIL.gwas.imputed_v3.both_sexes.tsv	tsk138
C3_UNCERTAIN_SECONDARY.gwas.imputed_v3.both_sexes.tsv	tsk139
C3_URINARY_TRACT.gwas.imputed_v3.both_sexes.tsv	tsk140
C32.gwas.imputed_v3.both_sexes.tsv	tsk141
C34.gwas.imputed_v3.both_sexes.tsv	tsk142
C43.gwas.imputed_v3.both_sexes.tsv	tsk143
C44.gwas.imputed_v3.both_sexes.tsv	tsk144
C45.gwas.imputed_v3.both_sexes.tsv	tsk145
C48.gwas.imputed_v3.both_sexes.tsv	tsk146
C49.gwas.imputed_v3.both_sexes.tsv	tsk147
C50.gwas.imputed_v3.both_sexes.tsv	tsk148
C53.gwas.imputed_v3.both_sexes.tsv	tsk149
C54.gwas.imputed_v3.both_sexes.tsv	tsk150
C56.gwas.imputed_v3.both_sexes.tsv	tsk151
C61.gwas.imputed_v3.both_sexes.tsv	tsk152
C62.gwas.imputed_v3.both_sexes.tsv	tsk153
C64.gwas.imputed_v3.both_sexes.tsv	tsk154
C67.gwas.imputed_v3.both_sexes.tsv	tsk155
C69.gwas.imputed_v3.both_sexes.tsv	tsk156
C71.gwas.imputed_v3.both_sexes.tsv	tsk157
C73.gwas.imputed_v3.both_sexes.tsv	tsk158
C77.gwas.imputed_v3.both_sexes.tsv	tsk159
C78.gwas.imputed_v3.both_sexes.tsv	tsk160
C79.gwas.imputed_v3.both_sexes.tsv	tsk161
C80.gwas.imputed_v3.both_sexes.tsv	tsk162
C81.gwas.imputed_v3.both_sexes.tsv	tsk163
C82.gwas.imputed_v3.both_sexes.tsv	tsk164
C83.gwas.imputed_v3.both_sexes.tsv	tsk165
C85.gwas.imputed_v3.both_sexes.tsv	tsk166
C90.gwas.imputed_v3.both_sexes.tsv	tsk167
C91.gwas.imputed_v3.both_sexes.tsv	tsk168
C92.gwas.imputed_v3.both_sexes.tsv	tsk169
CAMPYLOENTERITIS.gwas.imputed_v3.both_sexes.tsv	tsk170
CARDIAC_ARRHYTM.gwas.imputed_v3.both_sexes.tsv	tsk171
CHILDHOOD_ALLERGY.gwas.imputed_v3.both_sexes.tsv	tsk172
CHIRHEP_NAS.gwas.imputed_v3.both_sexes.tsv	tsk173
CHRONLARGE.gwas.imputed_v3.both_sexes.tsv	tsk174
CHRONNAS.gwas.imputed_v3.both_sexes.tsv	tsk175
CHRONSMALL.gwas.imputed_v3.both_sexes.tsv	tsk176
COLITNONINFNAS.gwas.imputed_v3.both_sexes.tsv	tsk177
CONGEN_HEART_ARTER.gwas.imputed_v3.both_sexes.tsv	tsk178
COPD_EARLYANDLATER.gwas.imputed_v3.both_sexes.tsv	tsk179
COPD_EXCL.gwas.imputed_v3.both_sexes.tsv	tsk180
COPD_OPPORTUNIST_INFECTIONS.gwas.imputed_v3.both_sexes.tsv	tsk181
COX_ARTHROSIS.gwas.imputed_v3.both_sexes.tsv	tsk182
D03.gwas.imputed_v3.both_sexes.tsv	tsk183
D04.gwas.imputed_v3.both_sexes.tsv	tsk184
D05.gwas.imputed_v3.both_sexes.tsv	tsk185
D06.gwas.imputed_v3.both_sexes.tsv	tsk186
D07.gwas.imputed_v3.both_sexes.tsv	tsk187
D09.gwas.imputed_v3.both_sexes.tsv	tsk188
D10.gwas.imputed_v3.both_sexes.tsv	tsk189
D11.gwas.imputed_v3.both_sexes.tsv	tsk190
D12.gwas.imputed_v3.both_sexes.tsv	tsk191
D13.gwas.imputed_v3.both_sexes.tsv	tsk192
D14.gwas.imputed_v3.both_sexes.tsv	tsk193
D16.gwas.imputed_v3.both_sexes.tsv	tsk194
D17.gwas.imputed_v3.both_sexes.tsv	tsk195
D18.gwas.imputed_v3.both_sexes.tsv	tsk196
D21.gwas.imputed_v3.both_sexes.tsv	tsk197
D22.gwas.imputed_v3.both_sexes.tsv	tsk198
D23.gwas.imputed_v3.both_sexes.tsv	tsk199
D24.gwas.imputed_v3.both_sexes.tsv	tsk200
D25.gwas.imputed_v3.both_sexes.tsv	tsk201
D26.gwas.imputed_v3.both_sexes.tsv	tsk202
D27.gwas.imputed_v3.both_sexes.tsv	tsk203
D28.gwas.imputed_v3.both_sexes.tsv	tsk204
D3_ANAEMIA_IRONDEF.gwas.imputed_v3.both_sexes.tsv	tsk205
D3_ANAEMIANAS.gwas.imputed_v3.both_sexes.tsv	tsk206
D3_BLOODNAS.gwas.imputed_v3.both_sexes.tsv	tsk207
D3_COAGOTHER.gwas.imputed_v3.both_sexes.tsv	tsk208
D3_HYPERGAMMAGLONAS.gwas.imputed_v3.both_sexes.tsv	tsk209
D3_IMMUNEMECHANISMOTHER.gwas.imputed_v3.both_sexes.tsv	tsk210
D3_ITP.gwas.imputed_v3.both_sexes.tsv	tsk211
D3_OTHERANAEMIA.gwas.imputed_v3.both_sexes.tsv	tsk212
D3_OTHERBLOOD.gwas.imputed_v3.both_sexes.tsv	tsk213
D3_PURPURA_AND3_OTHER_HAEMORRHAGIC.gwas.imputed_v3.both_sexes.tsv	tsk214
D3_SCNDPOLYCYTHAEMIA.gwas.imputed_v3.both_sexes.tsv	tsk215
D3_THROMBOCYTOPENIANAS.gwas.imputed_v3.both_sexes.tsv	tsk216
D30.gwas.imputed_v3.both_sexes.tsv	tsk217
D32.gwas.imputed_v3.both_sexes.tsv	tsk218
D33.gwas.imputed_v3.both_sexes.tsv	tsk219
D34.gwas.imputed_v3.both_sexes.tsv	tsk220
D35.gwas.imputed_v3.both_sexes.tsv	tsk221
D36.gwas.imputed_v3.both_sexes.tsv	tsk222
D37.gwas.imputed_v3.both_sexes.tsv	tsk223
D38.gwas.imputed_v3.both_sexes.tsv	tsk224
D39.gwas.imputed_v3.both_sexes.tsv	tsk225
D41.gwas.imputed_v3.both_sexes.tsv	tsk226
D43.gwas.imputed_v3.both_sexes.tsv	tsk227
D44.gwas.imputed_v3.both_sexes.tsv	tsk228
D45.gwas.imputed_v3.both_sexes.tsv	tsk229
D46.gwas.imputed_v3.both_sexes.tsv	tsk230
D47.gwas.imputed_v3.both_sexes.tsv	tsk231
D48.gwas.imputed_v3.both_sexes.tsv	tsk232
D50.gwas.imputed_v3.both_sexes.tsv	tsk233
D61.gwas.imputed_v3.both_sexes.tsv	tsk234
D63.gwas.imputed_v3.both_sexes.tsv	tsk235
D64.gwas.imputed_v3.both_sexes.tsv	tsk236
D69.gwas.imputed_v3.both_sexes.tsv	tsk237
D70.gwas.imputed_v3.both_sexes.tsv	tsk238
D75.gwas.imputed_v3.both_sexes.tsv	tsk239
D86.gwas.imputed_v3.both_sexes.tsv	tsk240
D89.gwas.imputed_v3.both_sexes.tsv	tsk241
DM_BCKGRND_RETINOPAT.gwas.imputed_v3.both_sexes.tsv	tsk242
DM_HYPOGLYC.gwas.imputed_v3.both_sexes.tsv	tsk243
DM_KETOACIDOSIS.gwas.imputed_v3.both_sexes.tsv	tsk244
DM_PERIPH_ANGIOPATHY.gwas.imputed_v3.both_sexes.tsv	tsk245
DM_PERIPHATHERO.gwas.imputed_v3.both_sexes.tsv	tsk246
DM_RETINOPAT_NOS.gwas.imputed_v3.both_sexes.tsv	tsk247
E03.gwas.imputed_v3.both_sexes.tsv	tsk248
E04.gwas.imputed_v3.both_sexes.tsv	tsk249
E05.gwas.imputed_v3.both_sexes.tsv	tsk250
E10.gwas.imputed_v3.both_sexes.tsv	tsk251
E11.gwas.imputed_v3.both_sexes.tsv	tsk252
E14.gwas.imputed_v3.both_sexes.tsv	tsk253
E16.gwas.imputed_v3.both_sexes.tsv	tsk254
E21.gwas.imputed_v3.both_sexes.tsv	tsk255
E22.gwas.imputed_v3.both_sexes.tsv	tsk256
E23.gwas.imputed_v3.both_sexes.tsv	tsk257
E27.gwas.imputed_v3.both_sexes.tsv	tsk258
E4_DM1.gwas.imputed_v3.both_sexes.tsv	tsk259
E4_DM1KETO.gwas.imputed_v3.both_sexes.tsv	tsk260
E4_DM1NOCOMP.gwas.imputed_v3.both_sexes.tsv	tsk261
E4_DM1OPTH.gwas.imputed_v3.both_sexes.tsv	tsk262
E4_DM2.gwas.imputed_v3.both_sexes.tsv	tsk263
E4_DM2NOCOMP.gwas.imputed_v3.both_sexes.tsv	tsk264
E4_DM2OPTH.gwas.imputed_v3.both_sexes.tsv	tsk265
E4_DM2PERIPH.gwas.imputed_v3.both_sexes.tsv	tsk266
E4_DMNASOPTH.gwas.imputed_v3.both_sexes.tsv	tsk267
E4_HYTHYNAS.gwas.imputed_v3.both_sexes.tsv	tsk268
E4_NUTRIDEF.gwas.imputed_v3.both_sexes.tsv	tsk269
E4_OBESITY.gwas.imputed_v3.both_sexes.tsv	tsk270
E4_OBESITYNAS.gwas.imputed_v3.both_sexes.tsv	tsk271
E4_THYTOXGOITDIF.gwas.imputed_v3.both_sexes.tsv	tsk272
E4_THYTOXNAS.gwas.imputed_v3.both_sexes.tsv	tsk273
E66.gwas.imputed_v3.both_sexes.tsv	tsk274
E83.gwas.imputed_v3.both_sexes.tsv	tsk275
E86.gwas.imputed_v3.both_sexes.tsv	tsk276
E87.gwas.imputed_v3.both_sexes.tsv	tsk277
ENDOMETRIOSIS_NOS.gwas.imputed_v3.both_sexes.tsv	tsk278
ENDOMETRIOSIS_OVARY.gwas.imputed_v3.both_sexes.tsv	tsk279
ENDOMETRIOSIS_PELVICPERITONEUM.gwas.imputed_v3.both_sexes.tsv	tsk280
ENDOMETRIOSIS_UTERUS.gwas.imputed_v3.both_sexes.tsv	tsk281
F05.gwas.imputed_v3.both_sexes.tsv	tsk282
F10.gwas.imputed_v3.both_sexes.tsv	tsk283
F20.gwas.imputed_v3.both_sexes.tsv	tsk284
F31.gwas.imputed_v3.both_sexes.tsv	tsk285
F32.gwas.imputed_v3.both_sexes.tsv	tsk286
F33.gwas.imputed_v3.both_sexes.tsv	tsk287
F41.gwas.imputed_v3.both_sexes.tsv	tsk288
F43.gwas.imputed_v3.both_sexes.tsv	tsk289
F45.gwas.imputed_v3.both_sexes.tsv	tsk290
F5_ALCOHOLAC.gwas.imputed_v3.both_sexes.tsv	tsk291
F5_ALLANXIOUS.gwas.imputed_v3.both_sexes.tsv	tsk292
F5_ANXIETY.gwas.imputed_v3.both_sexes.tsv	tsk293
F5_BEHAVE.gwas.imputed_v3.both_sexes.tsv	tsk294
F5_DEMENTIA.gwas.imputed_v3.both_sexes.tsv	tsk295
F5_DEPRESSIO.gwas.imputed_v3.both_sexes.tsv	tsk296
F5_MOOD.gwas.imputed_v3.both_sexes.tsv	tsk297
F5_PANIC.gwas.imputed_v3.both_sexes.tsv	tsk298
F5_PERSONALITY.gwas.imputed_v3.both_sexes.tsv	tsk299
F5_SCHIZO.gwas.imputed_v3.both_sexes.tsv	tsk300
F52.gwas.imputed_v3.both_sexes.tsv	tsk301
F99.gwas.imputed_v3.both_sexes.tsv	tsk302
FIBRO_COMORB.gwas.imputed_v3.both_sexes.tsv	tsk303
G12.gwas.imputed_v3.both_sexes.tsv	tsk304
G20.gwas.imputed_v3.both_sexes.tsv	tsk305
G24.gwas.imputed_v3.both_sexes.tsv	tsk306
G35.gwas.imputed_v3.both_sexes.tsv	tsk307
G37.gwas.imputed_v3.both_sexes.tsv	tsk308
G40.gwas.imputed_v3.both_sexes.tsv	tsk309
G43.gwas.imputed_v3.both_sexes.tsv	tsk310
G44.gwas.imputed_v3.both_sexes.tsv	tsk311
G45.gwas.imputed_v3.both_sexes.tsv	tsk312
G47.gwas.imputed_v3.both_sexes.tsv	tsk313
G50.gwas.imputed_v3.both_sexes.tsv	tsk314
G51.gwas.imputed_v3.both_sexes.tsv	tsk315
G54.gwas.imputed_v3.both_sexes.tsv	tsk316
G56.gwas.imputed_v3.both_sexes.tsv	tsk317
G57.gwas.imputed_v3.both_sexes.tsv	tsk318
G58.gwas.imputed_v3.both_sexes.tsv	tsk319
G6_ALS.gwas.imputed_v3.both_sexes.tsv	tsk320
G6_BELLPA.gwas.imputed_v3.both_sexes.tsv	tsk321
G6_CARPTU.gwas.imputed_v3.both_sexes.tsv	tsk322
G6_CONCUS.gwas.imputed_v3.both_sexes.tsv	tsk323
G6_CPETAL.gwas.imputed_v3.both_sexes.tsv	tsk324
G6_DEGENOTH.gwas.imputed_v3.both_sexes.tsv	tsk325
G6_DEMYEL.gwas.imputed_v3.both_sexes.tsv	tsk326
G6_DIFBRAININJ.gwas.imputed_v3.both_sexes.tsv	tsk327
G6_DISBROTHUNS.gwas.imputed_v3.both_sexes.tsv	tsk328
G6_EPIPAROX.gwas.imputed_v3.both_sexes.tsv	tsk329
G6_GUILBAR.gwas.imputed_v3.both_sexes.tsv	tsk330
G6_HYDROCEPH.gwas.imputed_v3.both_sexes.tsv	tsk331
G6_ICTRAUOTHUNS.gwas.imputed_v3.both_sexes.tsv	tsk332
G6_INTRACRATRAUMA.gwas.imputed_v3.both_sexes.tsv	tsk333
G6_MONOLOWOTHUNS.gwas.imputed_v3.both_sexes.tsv	tsk334
G6_MONOOTHUNS.gwas.imputed_v3.both_sexes.tsv	tsk335
G6_MYONEU.gwas.imputed_v3.both_sexes.tsv	tsk336
G6_NERPLEX.gwas.imputed_v3.both_sexes.tsv	tsk337
G6_NEUATR.gwas.imputed_v3.both_sexes.tsv	tsk338
G6_NEUINFL.gwas.imputed_v3.both_sexes.tsv	tsk339
G6_NEURODEG.gwas.imputed_v3.both_sexes.tsv	tsk340
G6_PLANTAR.gwas.imputed_v3.both_sexes.tsv	tsk341
G6_POLYNEU.gwas.imputed_v3.both_sexes.tsv	tsk342
G6_POLYOTHUNS.gwas.imputed_v3.both_sexes.tsv	tsk343
G6_ROOTPLEXOTHUNS.gwas.imputed_v3.both_sexes.tsv	tsk344
G6_SAHTRAU.gwas.imputed_v3.both_sexes.tsv	tsk345
G6_SDHTRAU.gwas.imputed_v3.both_sexes.tsv	tsk346
G6_SLEEPAPNO.gwas.imputed_v3.both_sexes.tsv	tsk347
G6_TRINEU.gwas.imputed_v3.both_sexes.tsv	tsk348
G6_ULLNLE.gwas.imputed_v3.both_sexes.tsv	tsk349
G6_XTRAPYR.gwas.imputed_v3.both_sexes.tsv	tsk350
G61.gwas.imputed_v3.both_sexes.tsv	tsk351
G62.gwas.imputed_v3.both_sexes.tsv	tsk352
G81.gwas.imputed_v3.both_sexes.tsv	tsk353
G93.gwas.imputed_v3.both_sexes.tsv	tsk354
G95.gwas.imputed_v3.both_sexes.tsv	tsk355
GLOMER_NEPHRITIS.gwas.imputed_v3.both_sexes.tsv	tsk356
GOUT_NOS.gwas.imputed_v3.both_sexes.tsv	tsk357
GOUT.gwas.imputed_v3.both_sexes.tsv	tsk358
H00.gwas.imputed_v3.both_sexes.tsv	tsk359
H01.gwas.imputed_v3.both_sexes.tsv	tsk360
H02.gwas.imputed_v3.both_sexes.tsv	tsk361
H04.gwas.imputed_v3.both_sexes.tsv	tsk362
H05.gwas.imputed_v3.both_sexes.tsv	tsk363
H11.gwas.imputed_v3.both_sexes.tsv	tsk364
H16.gwas.imputed_v3.both_sexes.tsv	tsk365
H18.gwas.imputed_v3.both_sexes.tsv	tsk366
H25.gwas.imputed_v3.both_sexes.tsv	tsk367
H26.gwas.imputed_v3.both_sexes.tsv	tsk368
H27.gwas.imputed_v3.both_sexes.tsv	tsk369
H33.gwas.imputed_v3.both_sexes.tsv	tsk370
H34.gwas.imputed_v3.both_sexes.tsv	tsk371
H35.gwas.imputed_v3.both_sexes.tsv	tsk372
H40.gwas.imputed_v3.both_sexes.tsv	tsk373
H43.gwas.imputed_v3.both_sexes.tsv	tsk374
H49.gwas.imputed_v3.both_sexes.tsv	tsk375
H50.gwas.imputed_v3.both_sexes.tsv	tsk376
H52.gwas.imputed_v3.both_sexes.tsv	tsk377
H53.gwas.imputed_v3.both_sexes.tsv	tsk378
H57.gwas.imputed_v3.both_sexes.tsv	tsk379
H59.gwas.imputed_v3.both_sexes.tsv	tsk380
H60.gwas.imputed_v3.both_sexes.tsv	tsk381
H61.gwas.imputed_v3.both_sexes.tsv	tsk382
H65.gwas.imputed_v3.both_sexes.tsv	tsk383
H66.gwas.imputed_v3.both_sexes.tsv	tsk384
H69.gwas.imputed_v3.both_sexes.tsv	tsk385
H7_BCKRNDRETINOPAT.gwas.imputed_v3.both_sexes.tsv	tsk386
H7_BLEPHAROCHALASIS.gwas.imputed_v3.both_sexes.tsv	tsk387
H7_CHALAZION.gwas.imputed_v3.both_sexes.tsv	tsk388
H7_CONJUNAS.gwas.imputed_v3.both_sexes.tsv	tsk389
H7_CONJUVASC.gwas.imputed_v3.both_sexes.tsv	tsk390
H7_CONVERSTRAB.gwas.imputed_v3.both_sexes.tsv	tsk391
H7_CORNEALOTH.gwas.imputed_v3.both_sexes.tsv	tsk392
H7_CORNULCER.gwas.imputed_v3.both_sexes.tsv	tsk393
H7_DIPLOPIA.gwas.imputed_v3.both_sexes.tsv	tsk394
H7_DIVERGSTRAB.gwas.imputed_v3.both_sexes.tsv	tsk395
H7_ECTROPION.gwas.imputed_v3.both_sexes.tsv	tsk396
H7_ENTROPION.gwas.imputed_v3.both_sexes.tsv	tsk397
H7_EPIPHORA.gwas.imputed_v3.both_sexes.tsv	tsk398
H7_EYEADNEXOTH.gwas.imputed_v3.both_sexes.tsv	tsk399
H7_EYELIDDIS.gwas.imputed_v3.both_sexes.tsv	tsk400
H7_EYELIDFUNC.gwas.imputed_v3.both_sexes.tsv	tsk401
H7_EYELIDNAS.gwas.imputed_v3.both_sexes.tsv	tsk402
H7_EYEOTH.gwas.imputed_v3.both_sexes.tsv	tsk403
H7_EYEPOSTOP.gwas.imputed_v3.both_sexes.tsv	tsk404
H7_GLAUCCLOSEPRIM.gwas.imputed_v3.both_sexes.tsv	tsk405
H7_GLAUCNAS.gwas.imputed_v3.both_sexes.tsv	tsk406
H7_GLAUCPRIMOPEN.gwas.imputed_v3.both_sexes.tsv	tsk407
H7_GLAUCSUSP.gwas.imputed_v3.both_sexes.tsv	tsk408
H7_HORDEOLUM.gwas.imputed_v3.both_sexes.tsv	tsk409
H7_KERATITIS.gwas.imputed_v3.both_sexes.tsv	tsk410
H7_LACRIGLAND.gwas.imputed_v3.both_sexes.tsv	tsk411
H7_LACRIMALSYSTEM.gwas.imputed_v3.both_sexes.tsv	tsk412
H7_LENS.gwas.imputed_v3.both_sexes.tsv	tsk413
H7_MACULADEGEN.gwas.imputed_v3.both_sexes.tsv	tsk414
H7_OTHERCONJ.gwas.imputed_v3.both_sexes.tsv	tsk415
H7_PARASTRAB.gwas.imputed_v3.both_sexes.tsv	tsk416
H7_POSTOPEYENAS.gwas.imputed_v3.both_sexes.tsv	tsk417
H7_PTERYGIUM.gwas.imputed_v3.both_sexes.tsv	tsk418
H7_PTOSIS.gwas.imputed_v3.both_sexes.tsv	tsk419
H7_REFRAACCOMMODIS.gwas.imputed_v3.both_sexes.tsv	tsk420
H7_RETINALBREAK.gwas.imputed_v3.both_sexes.tsv	tsk421
H7_RETINALDETACH.gwas.imputed_v3.both_sexes.tsv	tsk422
H7_RETINALDETACHBREAK.gwas.imputed_v3.both_sexes.tsv	tsk423
H7_RETINALDETACHOTH.gwas.imputed_v3.both_sexes.tsv	tsk424
H7_RETINALDISOTH.gwas.imputed_v3.both_sexes.tsv	tsk425
H7_RETINANAS.gwas.imputed_v3.both_sexes.tsv	tsk426
H7_RETINAVASC.gwas.imputed_v3.both_sexes.tsv	tsk427
H7_RETVASCNAS.gwas.imputed_v3.both_sexes.tsv	tsk428
H7_STENOLACRI.gwas.imputed_v3.both_sexes.tsv	tsk429
H7_STRABNAS.gwas.imputed_v3.both_sexes.tsv	tsk430
H7_STRABOTH.gwas.imputed_v3.both_sexes.tsv	tsk431
H7_VISDISTNAS.gwas.imputed_v3.both_sexes.tsv	tsk432
H7_VISUDISTURB.gwas.imputed_v3.both_sexes.tsv	tsk433
H7_VITRBODYGLOBE.gwas.imputed_v3.both_sexes.tsv	tsk434
H7_VITRHAEMORR.gwas.imputed_v3.both_sexes.tsv	tsk435
H7_VITROTH.gwas.imputed_v3.both_sexes.tsv	tsk436
H7_XANTHELASMA.gwas.imputed_v3.both_sexes.tsv	tsk437
H71.gwas.imputed_v3.both_sexes.tsv	tsk438
H72.gwas.imputed_v3.both_sexes.tsv	tsk439
H73.gwas.imputed_v3.both_sexes.tsv	tsk440
H74.gwas.imputed_v3.both_sexes.tsv	tsk441
H8_BPV.gwas.imputed_v3.both_sexes.tsv	tsk442
H8_CERUMEN.gwas.imputed_v3.both_sexes.tsv	tsk443
H8_CHRON_SUPOTITIS.gwas.imputed_v3.both_sexes.tsv	tsk444
H8_CONSENHEARINGLOSS.gwas.imputed_v3.both_sexes.tsv	tsk445
H8_EXT_NAS.gwas.imputed_v3.both_sexes.tsv	tsk446
H8_EXTDISNAS.gwas.imputed_v3.both_sexes.tsv	tsk447
H8_EXTOTITIS.gwas.imputed_v3.both_sexes.tsv	tsk448
H8_HL_CON_NAS.gwas.imputed_v3.both_sexes.tsv	tsk449
H8_HL_NAS.gwas.imputed_v3.both_sexes.tsv	tsk450
H8_HL_SEN_NAS.gwas.imputed_v3.both_sexes.tsv	tsk451
H8_LABYRINTHITIS.gwas.imputed_v3.both_sexes.tsv	tsk452
H8_MED_SUPP.gwas.imputed_v3.both_sexes.tsv	tsk453
H8_MENIERE.gwas.imputed_v3.both_sexes.tsv	tsk454
H8_MYRINGNAS.gwas.imputed_v3.both_sexes.tsv	tsk455
H8_OTALGIA.gwas.imputed_v3.both_sexes.tsv	tsk456
H8_OTHHEARINGLOSS.gwas.imputed_v3.both_sexes.tsv	tsk457
H8_OTIMEDNAS.gwas.imputed_v3.both_sexes.tsv	tsk458
H8_OTORRHOEA.gwas.imputed_v3.both_sexes.tsv	tsk459
H8_PERCHRONDR.gwas.imputed_v3.both_sexes.tsv	tsk460
H8_VERTIGO.gwas.imputed_v3.both_sexes.tsv	tsk461
H80.gwas.imputed_v3.both_sexes.tsv	tsk462
H81.gwas.imputed_v3.both_sexes.tsv	tsk463
H83.gwas.imputed_v3.both_sexes.tsv	tsk464
H90.gwas.imputed_v3.both_sexes.tsv	tsk465
H91.gwas.imputed_v3.both_sexes.tsv	tsk466
H92.gwas.imputed_v3.both_sexes.tsv	tsk467
H93.gwas.imputed_v3.both_sexes.tsv	tsk468
HEARTFAIL.gwas.imputed_v3.both_sexes.tsv	tsk469
HYPOTHYROIDISM.gwas.imputed_v3.both_sexes.tsv	tsk470
HYPTENSPREG.gwas.imputed_v3.both_sexes.tsv	tsk471
I_INFECT_PARASIT.gwas.imputed_v3.both_sexes.tsv	tsk472
I08.gwas.imputed_v3.both_sexes.tsv	tsk473
I10.gwas.imputed_v3.both_sexes.tsv	tsk474
I12.gwas.imputed_v3.both_sexes.tsv	tsk475
I20.gwas.imputed_v3.both_sexes.tsv	tsk476
I21.gwas.imputed_v3.both_sexes.tsv	tsk477
I22.gwas.imputed_v3.both_sexes.tsv	tsk478
I24.gwas.imputed_v3.both_sexes.tsv	tsk479
I25.gwas.imputed_v3.both_sexes.tsv	tsk480
I26.gwas.imputed_v3.both_sexes.tsv	tsk481
I27.gwas.imputed_v3.both_sexes.tsv	tsk482
I30.gwas.imputed_v3.both_sexes.tsv	tsk483
I31.gwas.imputed_v3.both_sexes.tsv	tsk484
I33.gwas.imputed_v3.both_sexes.tsv	tsk485
I34.gwas.imputed_v3.both_sexes.tsv	tsk486
I35.gwas.imputed_v3.both_sexes.tsv	tsk487
I42.gwas.imputed_v3.both_sexes.tsv	tsk488
I44.gwas.imputed_v3.both_sexes.tsv	tsk489
I45.gwas.imputed_v3.both_sexes.tsv	tsk490
I46.gwas.imputed_v3.both_sexes.tsv	tsk491
I47.gwas.imputed_v3.both_sexes.tsv	tsk492
I48.gwas.imputed_v3.both_sexes.tsv	tsk493
I49.gwas.imputed_v3.both_sexes.tsv	tsk494
I50.gwas.imputed_v3.both_sexes.tsv	tsk495
I51.gwas.imputed_v3.both_sexes.tsv	tsk496
I60.gwas.imputed_v3.both_sexes.tsv	tsk497
I61.gwas.imputed_v3.both_sexes.tsv	tsk498
I62.gwas.imputed_v3.both_sexes.tsv	tsk499
I63.gwas.imputed_v3.both_sexes.tsv	tsk500
I64.gwas.imputed_v3.both_sexes.tsv	tsk501
I65.gwas.imputed_v3.both_sexes.tsv	tsk502
I67.gwas.imputed_v3.both_sexes.tsv	tsk503
I70.gwas.imputed_v3.both_sexes.tsv	tsk504
I71.gwas.imputed_v3.both_sexes.tsv	tsk505
I72.gwas.imputed_v3.both_sexes.tsv	tsk506
I73.gwas.imputed_v3.both_sexes.tsv	tsk507
I74.gwas.imputed_v3.both_sexes.tsv	tsk508
I77.gwas.imputed_v3.both_sexes.tsv	tsk509
I78.gwas.imputed_v3.both_sexes.tsv	tsk510
I80.gwas.imputed_v3.both_sexes.tsv	tsk511
I82.gwas.imputed_v3.both_sexes.tsv	tsk512
I83.gwas.imputed_v3.both_sexes.tsv	tsk513
I84.gwas.imputed_v3.both_sexes.tsv	tsk514
I85.gwas.imputed_v3.both_sexes.tsv	tsk515
I86.gwas.imputed_v3.both_sexes.tsv	tsk516
I87.gwas.imputed_v3.both_sexes.tsv	tsk517
I89.gwas.imputed_v3.both_sexes.tsv	tsk518
I9_ANEURYSM.gwas.imputed_v3.both_sexes.tsv	tsk519
I9_AORTANEUR.gwas.imputed_v3.both_sexes.tsv	tsk520
I9_AORTDIS.gwas.imputed_v3.both_sexes.tsv	tsk521
I9_ARTEMBTHR.gwas.imputed_v3.both_sexes.tsv	tsk522
I9_ARTEMBTHRLOW.gwas.imputed_v3.both_sexes.tsv	tsk523
I9_ARTOTH.gwas.imputed_v3.both_sexes.tsv	tsk524
I9_AVBLOCK.gwas.imputed_v3.both_sexes.tsv	tsk525
I9_CARDMPRI.gwas.imputed_v3.both_sexes.tsv	tsk526
I9_CARDMYO.gwas.imputed_v3.both_sexes.tsv	tsk527
I9_CARDMYOOTH.gwas.imputed_v3.both_sexes.tsv	tsk528
I9_CEREBDOTH.gwas.imputed_v3.both_sexes.tsv	tsk529
I9_CHD_NOREV.gwas.imputed_v3.both_sexes.tsv	tsk530
I9_CHD.gwas.imputed_v3.both_sexes.tsv	tsk531
I9_CONDUCTIO.gwas.imputed_v3.both_sexes.tsv	tsk532
I9_CORATHER.gwas.imputed_v3.both_sexes.tsv	tsk533
I9_DISVEINLYMPH.gwas.imputed_v3.both_sexes.tsv	tsk534
I9_DVTANDPULM.gwas.imputed_v3.both_sexes.tsv	tsk535
I9_ENDOCARD.gwas.imputed_v3.both_sexes.tsv	tsk536
I9_HEARTFAIL_NS.gwas.imputed_v3.both_sexes.tsv	tsk537
I9_HEARTFAIL.gwas.imputed_v3.both_sexes.tsv	tsk538
I9_HYPERTENSION.gwas.imputed_v3.both_sexes.tsv	tsk539
I9_HYPTENS.gwas.imputed_v3.both_sexes.tsv	tsk540
I9_HYPTENSHR.gwas.imputed_v3.both_sexes.tsv	tsk541
I9_HYPTENSPREG.gwas.imputed_v3.both_sexes.tsv	tsk542
I9_IHD.gwas.imputed_v3.both_sexes.tsv	tsk543
I9_INTRACRA.gwas.imputed_v3.both_sexes.tsv	tsk544
I9_K_CARDIAC.gwas.imputed_v3.both_sexes.tsv	tsk545
I9_LBBB.gwas.imputed_v3.both_sexes.tsv	tsk546
I9_MI_STRICT.gwas.imputed_v3.both_sexes.tsv	tsk547
I9_MI.gwas.imputed_v3.both_sexes.tsv	tsk548
I9_NONRHEVALV.gwas.imputed_v3.both_sexes.tsv	tsk549
I9_OTHILLHEART.gwas.imputed_v3.both_sexes.tsv	tsk550
I9_OTHOTH.gwas.imputed_v3.both_sexes.tsv	tsk551
I9_PAD.gwas.imputed_v3.both_sexes.tsv	tsk552
I9_PERICARD.gwas.imputed_v3.both_sexes.tsv	tsk553
I9_PHLETHROMBDVTLOW.gwas.imputed_v3.both_sexes.tsv	tsk554
I9_PULMOTHHD.gwas.imputed_v3.both_sexes.tsv	tsk555
I9_RHEUFEV.gwas.imputed_v3.both_sexes.tsv	tsk556
I9_RHEUVALV.gwas.imputed_v3.both_sexes.tsv	tsk557
I9_STR_EXH.gwas.imputed_v3.both_sexes.tsv	tsk558
I9_STR_SAH.gwas.imputed_v3.both_sexes.tsv	tsk559
I9_STR.gwas.imputed_v3.both_sexes.tsv	tsk560
I9_UAP.gwas.imputed_v3.both_sexes.tsv	tsk561
I9_VASCINT.gwas.imputed_v3.both_sexes.tsv	tsk562
I9_VTE.gwas.imputed_v3.both_sexes.tsv	tsk563
I95.gwas.imputed_v3.both_sexes.tsv	tsk564
IBD_BACT_INTEST_INFECTIONS.gwas.imputed_v3.both_sexes.tsv	tsk565
IBD_ENDOMETRIOSIS.gwas.imputed_v3.both_sexes.tsv	tsk566
IBD_PULM.gwas.imputed_v3.both_sexes.tsv	tsk567
IBD_VIRAL_HEPATITIS.gwas.imputed_v3.both_sexes.tsv	tsk568
ICDMAIN_ANY_ENTRY.gwas.imputed_v3.both_sexes.tsv	tsk569
II_NEOPLASM.gwas.imputed_v3.both_sexes.tsv	tsk570
III_BLOOD_IMMUN.gwas.imputed_v3.both_sexes.tsv	tsk571
ILD_DIFF_DG.gwas.imputed_v3.both_sexes.tsv	tsk572
INFLUENZA.gwas.imputed_v3.both_sexes.tsv	tsk573
IPF.gwas.imputed_v3.both_sexes.tsv	tsk574
IV_ENDOCRIN_NUTRIT.gwas.imputed_v3.both_sexes.tsv	tsk575
IX_CIRCULATORY.gwas.imputed_v3.both_sexes.tsv	tsk576
J01.gwas.imputed_v3.both_sexes.tsv	tsk577
J02.gwas.imputed_v3.both_sexes.tsv	tsk578
J03.gwas.imputed_v3.both_sexes.tsv	tsk579
J06.gwas.imputed_v3.both_sexes.tsv	tsk580
J10_ASTHMA_MAIN.gwas.imputed_v3.both_sexes.tsv	tsk581
J10_ASTHMA.gwas.imputed_v3.both_sexes.tsv	tsk582
J10_EXTERLUNG.gwas.imputed_v3.both_sexes.tsv	tsk583
J13.gwas.imputed_v3.both_sexes.tsv	tsk584
J15.gwas.imputed_v3.both_sexes.tsv	tsk585
J18.gwas.imputed_v3.both_sexes.tsv	tsk586
J20.gwas.imputed_v3.both_sexes.tsv	tsk587
J22.gwas.imputed_v3.both_sexes.tsv	tsk588
J31.gwas.imputed_v3.both_sexes.tsv	tsk589
J32.gwas.imputed_v3.both_sexes.tsv	tsk590
J33.gwas.imputed_v3.both_sexes.tsv	tsk591
J34.gwas.imputed_v3.both_sexes.tsv	tsk592
J35.gwas.imputed_v3.both_sexes.tsv	tsk593
J36.gwas.imputed_v3.both_sexes.tsv	tsk594
J38.gwas.imputed_v3.both_sexes.tsv	tsk595
J39.gwas.imputed_v3.both_sexes.tsv	tsk596
J40.gwas.imputed_v3.both_sexes.tsv	tsk597
J43.gwas.imputed_v3.both_sexes.tsv	tsk598
J44.gwas.imputed_v3.both_sexes.tsv	tsk599
J45.gwas.imputed_v3.both_sexes.tsv	tsk600
J46.gwas.imputed_v3.both_sexes.tsv	tsk601
J47.gwas.imputed_v3.both_sexes.tsv	tsk602
J69.gwas.imputed_v3.both_sexes.tsv	tsk603
J84.gwas.imputed_v3.both_sexes.tsv	tsk604
J86.gwas.imputed_v3.both_sexes.tsv	tsk605
J90.gwas.imputed_v3.both_sexes.tsv	tsk606
J93.gwas.imputed_v3.both_sexes.tsv	tsk607
J96.gwas.imputed_v3.both_sexes.tsv	tsk608
J98.gwas.imputed_v3.both_sexes.tsv	tsk609
K00.gwas.imputed_v3.both_sexes.tsv	tsk610
K01.gwas.imputed_v3.both_sexes.tsv	tsk611
K02.gwas.imputed_v3.both_sexes.tsv	tsk612
K04.gwas.imputed_v3.both_sexes.tsv	tsk613
K05.gwas.imputed_v3.both_sexes.tsv	tsk614
K06.gwas.imputed_v3.both_sexes.tsv	tsk615
K07.gwas.imputed_v3.both_sexes.tsv	tsk616
K08.gwas.imputed_v3.both_sexes.tsv	tsk617
K09.gwas.imputed_v3.both_sexes.tsv	tsk618
K10.gwas.imputed_v3.both_sexes.tsv	tsk619
K11_ACHAL.gwas.imputed_v3.both_sexes.tsv	tsk620
K11_ACUTGASTR.gwas.imputed_v3.both_sexes.tsv	tsk621
K11_ADHE.gwas.imputed_v3.both_sexes.tsv	tsk622
K11_APPENDIX.gwas.imputed_v3.both_sexes.tsv	tsk623
K11_APPENDOTH.gwas.imputed_v3.both_sexes.tsv	tsk624
K11_BARRET.gwas.imputed_v3.both_sexes.tsv	tsk625
K11_CHOLANGI.gwas.imputed_v3.both_sexes.tsv	tsk626
K11_CHRONGASTR.gwas.imputed_v3.both_sexes.tsv	tsk627
K11_CHRONPANC.gwas.imputed_v3.both_sexes.tsv	tsk628
K11_COELIAC.gwas.imputed_v3.both_sexes.tsv	tsk629
K11_GALLBILPANC.gwas.imputed_v3.both_sexes.tsv	tsk630
K11_GASTRODUOULC.gwas.imputed_v3.both_sexes.tsv	tsk631
K11_GIBLEEDING.gwas.imputed_v3.both_sexes.tsv	tsk632
K11_HERNIA.gwas.imputed_v3.both_sexes.tsv	tsk633
K11_ILEUS.gwas.imputed_v3.both_sexes.tsv	tsk634
K11_IMPACT.gwas.imputed_v3.both_sexes.tsv	tsk635
K11_LIVER.gwas.imputed_v3.both_sexes.tsv	tsk636
K11_OESOBST.gwas.imputed_v3.both_sexes.tsv	tsk637
K11_OESULC.gwas.imputed_v3.both_sexes.tsv	tsk638
K11_OTHDIG.gwas.imputed_v3.both_sexes.tsv	tsk639
K11_OTHDISOES.gwas.imputed_v3.both_sexes.tsv	tsk640
K11_OTHGASTR.gwas.imputed_v3.both_sexes.tsv	tsk641
K11_OTHILEUS.gwas.imputed_v3.both_sexes.tsv	tsk642
K11_PANCOTH.gwas.imputed_v3.both_sexes.tsv	tsk643
K11_PERITON.gwas.imputed_v3.both_sexes.tsv	tsk644
K11_VOLVU.gwas.imputed_v3.both_sexes.tsv	tsk645
K11.gwas.imputed_v3.both_sexes.tsv	tsk646
K12.gwas.imputed_v3.both_sexes.tsv	tsk647
K13.gwas.imputed_v3.both_sexes.tsv	tsk648
K14.gwas.imputed_v3.both_sexes.tsv	tsk649
K20.gwas.imputed_v3.both_sexes.tsv	tsk650
K21.gwas.imputed_v3.both_sexes.tsv	tsk651
K22.gwas.imputed_v3.both_sexes.tsv	tsk652
K25.gwas.imputed_v3.both_sexes.tsv	tsk653
K26.gwas.imputed_v3.both_sexes.tsv	tsk654
K29.gwas.imputed_v3.both_sexes.tsv	tsk655
K30.gwas.imputed_v3.both_sexes.tsv	tsk656
K31.gwas.imputed_v3.both_sexes.tsv	tsk657
K35.gwas.imputed_v3.both_sexes.tsv	tsk658
K37.gwas.imputed_v3.both_sexes.tsv	tsk659
K38.gwas.imputed_v3.both_sexes.tsv	tsk660
K40.gwas.imputed_v3.both_sexes.tsv	tsk661
K41.gwas.imputed_v3.both_sexes.tsv	tsk662
K42.gwas.imputed_v3.both_sexes.tsv	tsk663
K43.gwas.imputed_v3.both_sexes.tsv	tsk664
K44.gwas.imputed_v3.both_sexes.tsv	tsk665
K46.gwas.imputed_v3.both_sexes.tsv	tsk666
K50.gwas.imputed_v3.both_sexes.tsv	tsk667
K51.gwas.imputed_v3.both_sexes.tsv	tsk668
K52.gwas.imputed_v3.both_sexes.tsv	tsk669
K55.gwas.imputed_v3.both_sexes.tsv	tsk670
K56.gwas.imputed_v3.both_sexes.tsv	tsk671
K57.gwas.imputed_v3.both_sexes.tsv	tsk672
K58.gwas.imputed_v3.both_sexes.tsv	tsk673
K59.gwas.imputed_v3.both_sexes.tsv	tsk674
K60.gwas.imputed_v3.both_sexes.tsv	tsk675
K61.gwas.imputed_v3.both_sexes.tsv	tsk676
K62.gwas.imputed_v3.both_sexes.tsv	tsk677
K63.gwas.imputed_v3.both_sexes.tsv	tsk678
K65.gwas.imputed_v3.both_sexes.tsv	tsk679
K66.gwas.imputed_v3.both_sexes.tsv	tsk680
K70.gwas.imputed_v3.both_sexes.tsv	tsk681
K74.gwas.imputed_v3.both_sexes.tsv	tsk682
K75.gwas.imputed_v3.both_sexes.tsv	tsk683
K76.gwas.imputed_v3.both_sexes.tsv	tsk684
K80.gwas.imputed_v3.both_sexes.tsv	tsk685
K81.gwas.imputed_v3.both_sexes.tsv	tsk686
K82.gwas.imputed_v3.both_sexes.tsv	tsk687
K83.gwas.imputed_v3.both_sexes.tsv	tsk688
K85.gwas.imputed_v3.both_sexes.tsv	tsk689
K86.gwas.imputed_v3.both_sexes.tsv	tsk690
K90.gwas.imputed_v3.both_sexes.tsv	tsk691
K91.gwas.imputed_v3.both_sexes.tsv	tsk692
K92.gwas.imputed_v3.both_sexes.tsv	tsk693
KNEE_ARTHROSIS.gwas.imputed_v3.both_sexes.tsv	tsk694
KRA_PSY_ALCOH.gwas.imputed_v3.both_sexes.tsv	tsk695
KRA_PSY_ANXIETY.gwas.imputed_v3.both_sexes.tsv	tsk696
KRA_PSY_ANYMENTAL_SUICID.gwas.imputed_v3.both_sexes.tsv	tsk697
KRA_PSY_ANYMENTAL.gwas.imputed_v3.both_sexes.tsv	tsk698
KRA_PSY_DEMENTIA.gwas.imputed_v3.both_sexes.tsv	tsk699
KRA_PSY_MOOD.gwas.imputed_v3.both_sexes.tsv	tsk700
KRA_PSY_PERSON.gwas.imputed_v3.both_sexes.tsv	tsk701
KRA_PSY_SCHIZODEL.gwas.imputed_v3.both_sexes.tsv	tsk702
KRA_PSY_SUBSTANCE.gwas.imputed_v3.both_sexes.tsv	tsk703
L02.gwas.imputed_v3.both_sexes.tsv	tsk704
L03.gwas.imputed_v3.both_sexes.tsv	tsk705
L05.gwas.imputed_v3.both_sexes.tsv	tsk706
L08.gwas.imputed_v3.both_sexes.tsv	tsk707
L12_ACTINKERA.gwas.imputed_v3.both_sexes.tsv	tsk708
L12_ATROPHICSKIN.gwas.imputed_v3.both_sexes.tsv	tsk709
L12_DERM_NAS.gwas.imputed_v3.both_sexes.tsv	tsk710
L12_DERMATITISNAS.gwas.imputed_v3.both_sexes.tsv	tsk711
L12_EPIDERMALTHICKOTH.gwas.imputed_v3.both_sexes.tsv	tsk712
L12_EPIDERMTHICKNAS.gwas.imputed_v3.both_sexes.tsv	tsk713
L12_ERYTH_NAS.gwas.imputed_v3.both_sexes.tsv	tsk714
L12_ERYTHEMATOUSOTH.gwas.imputed_v3.both_sexes.tsv	tsk715
L12_FOLICULAROTH.gwas.imputed_v3.both_sexes.tsv	tsk716
L12_FOLLICULARNAS.gwas.imputed_v3.both_sexes.tsv	tsk717
L12_FOREIGNBODYGRANULOMA.gwas.imputed_v3.both_sexes.tsv	tsk718
L12_GRANULOMASKINNAS.gwas.imputed_v3.both_sexes.tsv	tsk719
L12_GRANULOMATOUSSKIN.gwas.imputed_v3.both_sexes.tsv	tsk720
L12_HIDRADENITISSUP.gwas.imputed_v3.both_sexes.tsv	tsk721
L12_HYPERTROPHICNAS.gwas.imputed_v3.both_sexes.tsv	tsk722
L12_HYPERTROPHICSKIN.gwas.imputed_v3.both_sexes.tsv	tsk723
L12_HYPETROPHICSCAR.gwas.imputed_v3.both_sexes.tsv	tsk724
L12_INFECT_SKIN_OTHER.gwas.imputed_v3.both_sexes.tsv	tsk725
L12_LICHENSCLERATROPH.gwas.imputed_v3.both_sexes.tsv	tsk726
L12_LICHSIMPANDPRURIGO.gwas.imputed_v3.both_sexes.tsv	tsk727
L12_NAIL_INGROW.gwas.imputed_v3.both_sexes.tsv	tsk728
L12_NAILDIS.gwas.imputed_v3.both_sexes.tsv	tsk729
L12_NAILNAS.gwas.imputed_v3.both_sexes.tsv	tsk730
L12_NONIONRADISKIN.gwas.imputed_v3.both_sexes.tsv	tsk731
L12_NONIONRADISKINNAS.gwas.imputed_v3.both_sexes.tsv	tsk732
L12_OTHERDISSKINANDSUBCUTIS.gwas.imputed_v3.both_sexes.tsv	tsk733
L12_OTHERMELANIN.gwas.imputed_v3.both_sexes.tsv	tsk734
L12_OTHPIGMENTATION.gwas.imputed_v3.both_sexes.tsv	tsk735
L12_PIGMENTNAS.gwas.imputed_v3.both_sexes.tsv	tsk736
L12_PSORI_ARTHRO.gwas.imputed_v3.both_sexes.tsv	tsk737
L12_PSORI_NAS.gwas.imputed_v3.both_sexes.tsv	tsk738
L12_PSORIASIS.gwas.imputed_v3.both_sexes.tsv	tsk739
L12_PYOGENGRANUL.gwas.imputed_v3.both_sexes.tsv	tsk740
L12_ROSACEA.gwas.imputed_v3.both_sexes.tsv	tsk741
L12_SCARCONDITIONS.gwas.imputed_v3.both_sexes.tsv	tsk742
L12_SKINSUBCUTISNAS.gwas.imputed_v3.both_sexes.tsv	tsk743
L12_URTICA_NAS.gwas.imputed_v3.both_sexes.tsv	tsk744
L12_URTICARIA.gwas.imputed_v3.both_sexes.tsv	tsk745
L27.gwas.imputed_v3.both_sexes.tsv	tsk746
L28.gwas.imputed_v3.both_sexes.tsv	tsk747
L29.gwas.imputed_v3.both_sexes.tsv	tsk748
L30.gwas.imputed_v3.both_sexes.tsv	tsk749
L40.gwas.imputed_v3.both_sexes.tsv	tsk750
L43.gwas.imputed_v3.both_sexes.tsv	tsk751
L50.gwas.imputed_v3.both_sexes.tsv	tsk752
L53.gwas.imputed_v3.both_sexes.tsv	tsk753
L57.gwas.imputed_v3.both_sexes.tsv	tsk754
L60.gwas.imputed_v3.both_sexes.tsv	tsk755
L71.gwas.imputed_v3.both_sexes.tsv	tsk756
L72.gwas.imputed_v3.both_sexes.tsv	tsk757
L73.gwas.imputed_v3.both_sexes.tsv	tsk758
L81.gwas.imputed_v3.both_sexes.tsv	tsk759
L82.gwas.imputed_v3.both_sexes.tsv	tsk760
L85.gwas.imputed_v3.both_sexes.tsv	tsk761
L90.gwas.imputed_v3.both_sexes.tsv	tsk762
L91.gwas.imputed_v3.both_sexes.tsv	tsk763
L92.gwas.imputed_v3.both_sexes.tsv	tsk764
L97.gwas.imputed_v3.both_sexes.tsv	tsk765
L98.gwas.imputed_v3.both_sexes.tsv	tsk766
LUNG_CANCER_MESOT.gwas.imputed_v3.both_sexes.tsv	tsk767
LUNG_CANCER.gwas.imputed_v3.both_sexes.tsv	tsk768
M00.gwas.imputed_v3.both_sexes.tsv	tsk769
M05.gwas.imputed_v3.both_sexes.tsv	tsk770
M06.gwas.imputed_v3.both_sexes.tsv	tsk771
M10.gwas.imputed_v3.both_sexes.tsv	tsk772
M13_ACHILLESTEND.gwas.imputed_v3.both_sexes.tsv	tsk773
M13_ADHCAPSULITIS.gwas.imputed_v3.both_sexes.tsv	tsk774
M13_ALGONEURO.gwas.imputed_v3.both_sexes.tsv	tsk775
M13_ANKLEFOOT.gwas.imputed_v3.both_sexes.tsv	tsk776
M13_ARTHRITISNAS.gwas.imputed_v3.both_sexes.tsv	tsk777
M13_ARTHROSIS_OTH.gwas.imputed_v3.both_sexes.tsv	tsk778
M13_ARTHROSIS.gwas.imputed_v3.both_sexes.tsv	tsk779
M13_BAKERCYST.gwas.imputed_v3.both_sexes.tsv	tsk780
M13_BONEDISNAS.gwas.imputed_v3.both_sexes.tsv	tsk781
M13_BURSOPATHY.gwas.imputed_v3.both_sexes.tsv	tsk782
M13_CALCIFICTEND.gwas.imputed_v3.both_sexes.tsv	tsk783
M13_CARTILAGE.gwas.imputed_v3.both_sexes.tsv	tsk784
M13_CERVICALGIA.gwas.imputed_v3.both_sexes.tsv	tsk785
M13_CHRONDROPATHIES.gwas.imputed_v3.both_sexes.tsv	tsk786
M13_CONTRACTUREJOINT.gwas.imputed_v3.both_sexes.tsv	tsk787
M13_DEFORMDORSO.gwas.imputed_v3.both_sexes.tsv	tsk788
M13_DEQUERVAIN.gwas.imputed_v3.both_sexes.tsv	tsk789
M13_DISSYNOTENDNAS.gwas.imputed_v3.both_sexes.tsv	tsk790
M13_DORSALGIA.gwas.imputed_v3.both_sexes.tsv	tsk791
M13_DORSALGIANAS.gwas.imputed_v3.both_sexes.tsv	tsk792
M13_DORSOPATHYOTH.gwas.imputed_v3.both_sexes.tsv	tsk793
M13_DUPUTRYEN.gwas.imputed_v3.both_sexes.tsv	tsk794
M13_ENTESOPATHYFOOT.gwas.imputed_v3.both_sexes.tsv	tsk795
M13_ENTESOPATHYLOW.gwas.imputed_v3.both_sexes.tsv	tsk796
M13_ENTESOPATHYNAS.gwas.imputed_v3.both_sexes.tsv	tsk797
M13_ENTESOPATHYOTH.gwas.imputed_v3.both_sexes.tsv	tsk798
M13_FIBROBLASTIC.gwas.imputed_v3.both_sexes.tsv	tsk799
M13_FINGERDEFORM.gwas.imputed_v3.both_sexes.tsv	tsk800
M13_FLEXION.gwas.imputed_v3.both_sexes.tsv	tsk801
M13_FOREIGNBODY.gwas.imputed_v3.both_sexes.tsv	tsk802
M13_GANGLION.gwas.imputed_v3.both_sexes.tsv	tsk803
M13_GIANTCELL.gwas.imputed_v3.both_sexes.tsv	tsk804
M13_HALLUDEFORMOTH.gwas.imputed_v3.both_sexes.tsv	tsk805
M13_HALLUXRIGIDUS.gwas.imputed_v3.both_sexes.tsv	tsk806
M13_HALLUXVALGUS.gwas.imputed_v3.both_sexes.tsv	tsk807
M13_HAMMERTOE.gwas.imputed_v3.both_sexes.tsv	tsk808
M13_IMPINGEMENT.gwas.imputed_v3.both_sexes.tsv	tsk809
M13_JOINTOTH.gwas.imputed_v3.both_sexes.tsv	tsk810
M13_LATERALEPICOND.gwas.imputed_v3.both_sexes.tsv	tsk811
M13_LIMBPAIN.gwas.imputed_v3.both_sexes.tsv	tsk812
M13_LOOSEJOINT.gwas.imputed_v3.both_sexes.tsv	tsk813
M13_LOWBACKPAIN.gwas.imputed_v3.both_sexes.tsv	tsk814
M13_MEDIALEPICOND.gwas.imputed_v3.both_sexes.tsv	tsk815
M13_MENISCUSDERANGEMENTS.gwas.imputed_v3.both_sexes.tsv	tsk816
M13_METATARSALGIA.gwas.imputed_v3.both_sexes.tsv	tsk817
M13_MUSCLE.gwas.imputed_v3.both_sexes.tsv	tsk818
M13_MUSCLEDISNAS.gwas.imputed_v3.both_sexes.tsv	tsk819
M13_MUSCULOSKELEOTH.gwas.imputed_v3.both_sexes.tsv	tsk820
M13_MYALGIA.gwas.imputed_v3.both_sexes.tsv	tsk821
M13_NECROVASC.gwas.imputed_v3.both_sexes.tsv	tsk822
M13_NEURALGIA.gwas.imputed_v3.both_sexes.tsv	tsk823
M13_OLECRANONBURSITIS.gwas.imputed_v3.both_sexes.tsv	tsk824
M13_OSTEOPOROSIS.gwas.imputed_v3.both_sexes.tsv	tsk825
M13_OTHCONN.gwas.imputed_v3.both_sexes.tsv	tsk826
M13_OTHERJOINT.gwas.imputed_v3.both_sexes.tsv	tsk827
M13_PATELLAOTH.gwas.imputed_v3.both_sexes.tsv	tsk828
M13_PATHODISLOCATIO.gwas.imputed_v3.both_sexes.tsv	tsk829
M13_PLANTARFASC.gwas.imputed_v3.both_sexes.tsv	tsk830
M13_POLYARTHROPATHIES.gwas.imputed_v3.both_sexes.tsv	tsk831
M13_PREPATELLARBURSITIS.gwas.imputed_v3.both_sexes.tsv	tsk832
M13_PYOGARTH.gwas.imputed_v3.both_sexes.tsv	tsk833
M13_RADICULOPATHY.gwas.imputed_v3.both_sexes.tsv	tsk834
M13_RECUDISLOCATIO.gwas.imputed_v3.both_sexes.tsv	tsk835
M13_RHEUMA.gwas.imputed_v3.both_sexes.tsv	tsk836
M13_RHEUMATISM.gwas.imputed_v3.both_sexes.tsv	tsk837
M13_ROTATORCUFF.gwas.imputed_v3.both_sexes.tsv	tsk838
M13_SACROCOGG.gwas.imputed_v3.both_sexes.tsv	tsk839
M13_SCIATICA.gwas.imputed_v3.both_sexes.tsv	tsk840
M13_SHOULDER.gwas.imputed_v3.both_sexes.tsv	tsk841
M13_SHOULDERBURSITIS.gwas.imputed_v3.both_sexes.tsv	tsk842
M13_SHOULDERNAS.gwas.imputed_v3.both_sexes.tsv	tsk843
M13_SOFTOVERUSE.gwas.imputed_v3.both_sexes.tsv	tsk844
M13_SOFTTISSUENAS.gwas.imputed_v3.both_sexes.tsv	tsk845
M13_SOFTTISSUEOTH.gwas.imputed_v3.both_sexes.tsv	tsk846
M13_SPINSTENOSIS.gwas.imputed_v3.both_sexes.tsv	tsk847
M13_SPONDYLINFLAMNAS.gwas.imputed_v3.both_sexes.tsv	tsk848
M13_SPONDYLOLISTHESIS.gwas.imputed_v3.both_sexes.tsv	tsk849
M13_SPONDYLOPATHY.gwas.imputed_v3.both_sexes.tsv	tsk850
M13_SYNOTEND.gwas.imputed_v3.both_sexes.tsv	tsk851
M13_TENDOSYNOVITISNAS.gwas.imputed_v3.both_sexes.tsv	tsk852
M13_THORACISPINEPAIN.gwas.imputed_v3.both_sexes.tsv	tsk853
M13_TOEDEFORMOTH.gwas.imputed_v3.both_sexes.tsv	tsk854
M13_TRIGGERFINGER.gwas.imputed_v3.both_sexes.tsv	tsk855
M13_TROCHANTERICBURSITIS.gwas.imputed_v3.both_sexes.tsv	tsk856
M13.gwas.imputed_v3.both_sexes.tsv	tsk857
M15.gwas.imputed_v3.both_sexes.tsv	tsk858
M16.gwas.imputed_v3.both_sexes.tsv	tsk859
M17.gwas.imputed_v3.both_sexes.tsv	tsk860
M18.gwas.imputed_v3.both_sexes.tsv	tsk861
M19.gwas.imputed_v3.both_sexes.tsv	tsk862
M20.gwas.imputed_v3.both_sexes.tsv	tsk863
M21.gwas.imputed_v3.both_sexes.tsv	tsk864
M22.gwas.imputed_v3.both_sexes.tsv	tsk865
M23.gwas.imputed_v3.both_sexes.tsv	tsk866
M24.gwas.imputed_v3.both_sexes.tsv	tsk867
M25.gwas.imputed_v3.both_sexes.tsv	tsk868
M31.gwas.imputed_v3.both_sexes.tsv	tsk869
M35.gwas.imputed_v3.both_sexes.tsv	tsk870
M41.gwas.imputed_v3.both_sexes.tsv	tsk871
M43.gwas.imputed_v3.both_sexes.tsv	tsk872
M45.gwas.imputed_v3.both_sexes.tsv	tsk873
M46.gwas.imputed_v3.both_sexes.tsv	tsk874
M47.gwas.imputed_v3.both_sexes.tsv	tsk875
M48.gwas.imputed_v3.both_sexes.tsv	tsk876
M50.gwas.imputed_v3.both_sexes.tsv	tsk877
M51.gwas.imputed_v3.both_sexes.tsv	tsk878
M53.gwas.imputed_v3.both_sexes.tsv	tsk879
M54.gwas.imputed_v3.both_sexes.tsv	tsk880
M60.gwas.imputed_v3.both_sexes.tsv	tsk881
M62.gwas.imputed_v3.both_sexes.tsv	tsk882
M65.gwas.imputed_v3.both_sexes.tsv	tsk883
M66.gwas.imputed_v3.both_sexes.tsv	tsk884
M67.gwas.imputed_v3.both_sexes.tsv	tsk885
M70.gwas.imputed_v3.both_sexes.tsv	tsk886
M71.gwas.imputed_v3.both_sexes.tsv	tsk887
M72.gwas.imputed_v3.both_sexes.tsv	tsk888
M75.gwas.imputed_v3.both_sexes.tsv	tsk889
M76.gwas.imputed_v3.both_sexes.tsv	tsk890
M77.gwas.imputed_v3.both_sexes.tsv	tsk891
M79.gwas.imputed_v3.both_sexes.tsv	tsk892
M80.gwas.imputed_v3.both_sexes.tsv	tsk893
M81.gwas.imputed_v3.both_sexes.tsv	tsk894
M84.gwas.imputed_v3.both_sexes.tsv	tsk895
M85.gwas.imputed_v3.both_sexes.tsv	tsk896
M86.gwas.imputed_v3.both_sexes.tsv	tsk897
M87.gwas.imputed_v3.both_sexes.tsv	tsk898
M89.gwas.imputed_v3.both_sexes.tsv	tsk899
M93.gwas.imputed_v3.both_sexes.tsv	tsk900
M94.gwas.imputed_v3.both_sexes.tsv	tsk901
M95.gwas.imputed_v3.both_sexes.tsv	tsk902
M96.gwas.imputed_v3.both_sexes.tsv	tsk903
MEMLOSS.gwas.imputed_v3.both_sexes.tsv	tsk904
MENINGITIS.gwas.imputed_v3.both_sexes.tsv	tsk905
N02.gwas.imputed_v3.both_sexes.tsv	tsk906
N10.gwas.imputed_v3.both_sexes.tsv	tsk907
N12.gwas.imputed_v3.both_sexes.tsv	tsk908
N13.gwas.imputed_v3.both_sexes.tsv	tsk909
N14_GLOMERULAR.gwas.imputed_v3.both_sexes.tsv	tsk910
N17.gwas.imputed_v3.both_sexes.tsv	tsk911
N18.gwas.imputed_v3.both_sexes.tsv	tsk912
N19.gwas.imputed_v3.both_sexes.tsv	tsk913
N20.gwas.imputed_v3.both_sexes.tsv	tsk914
N21.gwas.imputed_v3.both_sexes.tsv	tsk915
N23.gwas.imputed_v3.both_sexes.tsv	tsk916
N28.gwas.imputed_v3.both_sexes.tsv	tsk917
N30.gwas.imputed_v3.both_sexes.tsv	tsk918
N31.gwas.imputed_v3.both_sexes.tsv	tsk919
N32.gwas.imputed_v3.both_sexes.tsv	tsk920
N35.gwas.imputed_v3.both_sexes.tsv	tsk921
N36.gwas.imputed_v3.both_sexes.tsv	tsk922
N39.gwas.imputed_v3.both_sexes.tsv	tsk923
N40.gwas.imputed_v3.both_sexes.tsv	tsk924
N41.gwas.imputed_v3.both_sexes.tsv	tsk925
N42.gwas.imputed_v3.both_sexes.tsv	tsk926
N43.gwas.imputed_v3.both_sexes.tsv	tsk927
N45.gwas.imputed_v3.both_sexes.tsv	tsk928
N47.gwas.imputed_v3.both_sexes.tsv	tsk929
N48.gwas.imputed_v3.both_sexes.tsv	tsk930
N49.gwas.imputed_v3.both_sexes.tsv	tsk931
N50.gwas.imputed_v3.both_sexes.tsv	tsk932
N60.gwas.imputed_v3.both_sexes.tsv	tsk933
N61.gwas.imputed_v3.both_sexes.tsv	tsk934
N62.gwas.imputed_v3.both_sexes.tsv	tsk935
N63.gwas.imputed_v3.both_sexes.tsv	tsk936
N64.gwas.imputed_v3.both_sexes.tsv	tsk937
N70.gwas.imputed_v3.both_sexes.tsv	tsk938
N71.gwas.imputed_v3.both_sexes.tsv	tsk939
N72.gwas.imputed_v3.both_sexes.tsv	tsk940
N73.gwas.imputed_v3.both_sexes.tsv	tsk941
N75.gwas.imputed_v3.both_sexes.tsv	tsk942
N76.gwas.imputed_v3.both_sexes.tsv	tsk943
N80.gwas.imputed_v3.both_sexes.tsv	tsk944
N81.gwas.imputed_v3.both_sexes.tsv	tsk945
N82.gwas.imputed_v3.both_sexes.tsv	tsk946
N83.gwas.imputed_v3.both_sexes.tsv	tsk947
N84.gwas.imputed_v3.both_sexes.tsv	tsk948
N85.gwas.imputed_v3.both_sexes.tsv	tsk949
N86.gwas.imputed_v3.both_sexes.tsv	tsk950
N87.gwas.imputed_v3.both_sexes.tsv	tsk951
N88.gwas.imputed_v3.both_sexes.tsv	tsk952
N89.gwas.imputed_v3.both_sexes.tsv	tsk953
N90.gwas.imputed_v3.both_sexes.tsv	tsk954
N92.gwas.imputed_v3.both_sexes.tsv	tsk955
N93.gwas.imputed_v3.both_sexes.tsv	tsk956
N94.gwas.imputed_v3.both_sexes.tsv	tsk957
N95.gwas.imputed_v3.both_sexes.tsv	tsk958
N97.gwas.imputed_v3.both_sexes.tsv	tsk959
N99.gwas.imputed_v3.both_sexes.tsv	tsk960
NAFLD.gwas.imputed_v3.both_sexes.tsv	tsk961
NECROVASC_FG.gwas.imputed_v3.both_sexes.tsv	tsk962
NEURODEGOTH.gwas.imputed_v3.both_sexes.tsv	tsk963
O00.gwas.imputed_v3.both_sexes.tsv	tsk964
O02.gwas.imputed_v3.both_sexes.tsv	tsk965
O03.gwas.imputed_v3.both_sexes.tsv	tsk966
O04.gwas.imputed_v3.both_sexes.tsv	tsk967
O13.gwas.imputed_v3.both_sexes.tsv	tsk968
O14.gwas.imputed_v3.both_sexes.tsv	tsk969
O16.gwas.imputed_v3.both_sexes.tsv	tsk970
O20.gwas.imputed_v3.both_sexes.tsv	tsk971
O21.gwas.imputed_v3.both_sexes.tsv	tsk972
O23.gwas.imputed_v3.both_sexes.tsv	tsk973
O26.gwas.imputed_v3.both_sexes.tsv	tsk974
O32.gwas.imputed_v3.both_sexes.tsv	tsk975
O34.gwas.imputed_v3.both_sexes.tsv	tsk976
O35.gwas.imputed_v3.both_sexes.tsv	tsk977
O36.gwas.imputed_v3.both_sexes.tsv	tsk978
O42.gwas.imputed_v3.both_sexes.tsv	tsk979
O44.gwas.imputed_v3.both_sexes.tsv	tsk980
O46.gwas.imputed_v3.both_sexes.tsv	tsk981
O47.gwas.imputed_v3.both_sexes.tsv	tsk982
O48.gwas.imputed_v3.both_sexes.tsv	tsk983
O60.gwas.imputed_v3.both_sexes.tsv	tsk984
O62.gwas.imputed_v3.both_sexes.tsv	tsk985
O63.gwas.imputed_v3.both_sexes.tsv	tsk986
O64.gwas.imputed_v3.both_sexes.tsv	tsk987
O68.gwas.imputed_v3.both_sexes.tsv	tsk988
O69.gwas.imputed_v3.both_sexes.tsv	tsk989
O70.gwas.imputed_v3.both_sexes.tsv	tsk990
O72.gwas.imputed_v3.both_sexes.tsv	tsk991
O75.gwas.imputed_v3.both_sexes.tsv	tsk992
O80.gwas.imputed_v3.both_sexes.tsv	tsk993
O82.gwas.imputed_v3.both_sexes.tsv	tsk994
O99.gwas.imputed_v3.both_sexes.tsv	tsk995
OTHER_ILD_CVD_COMORB.gwas.imputed_v3.both_sexes.tsv	tsk996
OTHER_SYSTCON_FG.gwas.imputed_v3.both_sexes.tsv	tsk997
PNEUMOBACTKNOWN.gwas.imputed_v3.both_sexes.tsv	tsk998
PNEUMONIA.gwas.imputed_v3.both_sexes.tsv	tsk999
PRE_OR_ECLAMPSIA.gwas.imputed_v3.both_sexes.tsv	tsk1000
PRIM_COXARTHROSIS.gwas.imputed_v3.both_sexes.tsv	tsk1001
PRIM_KNEEARTHROSIS.gwas.imputed_v3.both_sexes.tsv	tsk1002
PULM_ANXIETY.gwas.imputed_v3.both_sexes.tsv	tsk1003
PULM_MEDICATIO_COMORB.gwas.imputed_v3.both_sexes.tsv	tsk1004
PULMONARYDG.gwas.imputed_v3.both_sexes.tsv	tsk1005
Q18.gwas.imputed_v3.both_sexes.tsv	tsk1006
Q21.gwas.imputed_v3.both_sexes.tsv	tsk1007
Q38.gwas.imputed_v3.both_sexes.tsv	tsk1008
Q66.gwas.imputed_v3.both_sexes.tsv	tsk1009
Q82.gwas.imputed_v3.both_sexes.tsv	tsk1010
R00.gwas.imputed_v3.both_sexes.tsv	tsk1011
R04.gwas.imputed_v3.both_sexes.tsv	tsk1012
R05.gwas.imputed_v3.both_sexes.tsv	tsk1013
R06.gwas.imputed_v3.both_sexes.tsv	tsk1014
R07.gwas.imputed_v3.both_sexes.tsv	tsk1015
R09.gwas.imputed_v3.both_sexes.tsv	tsk1016
R10.gwas.imputed_v3.both_sexes.tsv	tsk1017
R11.gwas.imputed_v3.both_sexes.tsv	tsk1018
R12.gwas.imputed_v3.both_sexes.tsv	tsk1019
R13.gwas.imputed_v3.both_sexes.tsv	tsk1020
R14.gwas.imputed_v3.both_sexes.tsv	tsk1021
R15.gwas.imputed_v3.both_sexes.tsv	tsk1022
R17.gwas.imputed_v3.both_sexes.tsv	tsk1023
R18.gwas.imputed_v3.both_sexes.tsv	tsk1024
R19.gwas.imputed_v3.both_sexes.tsv	tsk1025
R20.gwas.imputed_v3.both_sexes.tsv	tsk1026
R21.gwas.imputed_v3.both_sexes.tsv	tsk1027
R22.gwas.imputed_v3.both_sexes.tsv	tsk1028
R23.gwas.imputed_v3.both_sexes.tsv	tsk1029
R25.gwas.imputed_v3.both_sexes.tsv	tsk1030
R26.gwas.imputed_v3.both_sexes.tsv	tsk1031
R29.gwas.imputed_v3.both_sexes.tsv	tsk1032
R30.gwas.imputed_v3.both_sexes.tsv	tsk1033
R31.gwas.imputed_v3.both_sexes.tsv	tsk1034
R32.gwas.imputed_v3.both_sexes.tsv	tsk1035
R33.gwas.imputed_v3.both_sexes.tsv	tsk1036
R35.gwas.imputed_v3.both_sexes.tsv	tsk1037
R39.gwas.imputed_v3.both_sexes.tsv	tsk1038
R40.gwas.imputed_v3.both_sexes.tsv	tsk1039
R41.gwas.imputed_v3.both_sexes.tsv	tsk1040
R42.gwas.imputed_v3.both_sexes.tsv	tsk1041
R47.gwas.imputed_v3.both_sexes.tsv	tsk1042
R49.gwas.imputed_v3.both_sexes.tsv	tsk1043
R50.gwas.imputed_v3.both_sexes.tsv	tsk1044
R51.gwas.imputed_v3.both_sexes.tsv	tsk1045
R52.gwas.imputed_v3.both_sexes.tsv	tsk1046
R53.gwas.imputed_v3.both_sexes.tsv	tsk1047
R54.gwas.imputed_v3.both_sexes.tsv	tsk1048
R55.gwas.imputed_v3.both_sexes.tsv	tsk1049
R56.gwas.imputed_v3.both_sexes.tsv	tsk1050
R59.gwas.imputed_v3.both_sexes.tsv	tsk1051
R60.gwas.imputed_v3.both_sexes.tsv	tsk1052
R61.gwas.imputed_v3.both_sexes.tsv	tsk1053
R63.gwas.imputed_v3.both_sexes.tsv	tsk1054
R68.gwas.imputed_v3.both_sexes.tsv	tsk1055
R69.gwas.imputed_v3.both_sexes.tsv	tsk1056
R73.gwas.imputed_v3.both_sexes.tsv	tsk1057
R76.gwas.imputed_v3.both_sexes.tsv	tsk1058
R79.gwas.imputed_v3.both_sexes.tsv	tsk1059
R86.gwas.imputed_v3.both_sexes.tsv	tsk1060
R87.gwas.imputed_v3.both_sexes.tsv	tsk1061
R90.gwas.imputed_v3.both_sexes.tsv	tsk1062
R91.gwas.imputed_v3.both_sexes.tsv	tsk1063
R93.gwas.imputed_v3.both_sexes.tsv	tsk1064
R94.gwas.imputed_v3.both_sexes.tsv	tsk1065
RHEU_ARTHRITIS_OTH.gwas.imputed_v3.both_sexes.tsv	tsk1066
RHEUMA_CHRYSTAL.gwas.imputed_v3.both_sexes.tsv	tsk1067
RHEUMA_NOS.gwas.imputed_v3.both_sexes.tsv	tsk1068
RHEUMA_SEROPOS_OTH.gwas.imputed_v3.both_sexes.tsv	tsk1069
RHEUMA_SEROPOS.gwas.imputed_v3.both_sexes.tsv	tsk1070
S00.gwas.imputed_v3.both_sexes.tsv	tsk1071
S01.gwas.imputed_v3.both_sexes.tsv	tsk1072
S02.gwas.imputed_v3.both_sexes.tsv	tsk1073
S05.gwas.imputed_v3.both_sexes.tsv	tsk1074
S06.gwas.imputed_v3.both_sexes.tsv	tsk1075
S09.gwas.imputed_v3.both_sexes.tsv	tsk1076
S12.gwas.imputed_v3.both_sexes.tsv	tsk1077
S20.gwas.imputed_v3.both_sexes.tsv	tsk1078
S22.gwas.imputed_v3.both_sexes.tsv	tsk1079
S27.gwas.imputed_v3.both_sexes.tsv	tsk1080
S30.gwas.imputed_v3.both_sexes.tsv	tsk1081
S31.gwas.imputed_v3.both_sexes.tsv	tsk1082
S32.gwas.imputed_v3.both_sexes.tsv	tsk1083
S39.gwas.imputed_v3.both_sexes.tsv	tsk1084
S42.gwas.imputed_v3.both_sexes.tsv	tsk1085
S43.gwas.imputed_v3.both_sexes.tsv	tsk1086
S46.gwas.imputed_v3.both_sexes.tsv	tsk1087
S51.gwas.imputed_v3.both_sexes.tsv	tsk1088
S52.gwas.imputed_v3.both_sexes.tsv	tsk1089
S56.gwas.imputed_v3.both_sexes.tsv	tsk1090
S60.gwas.imputed_v3.both_sexes.tsv	tsk1091
S61.gwas.imputed_v3.both_sexes.tsv	tsk1092
S62.gwas.imputed_v3.both_sexes.tsv	tsk1093
S63.gwas.imputed_v3.both_sexes.tsv	tsk1094
S64.gwas.imputed_v3.both_sexes.tsv	tsk1095
S66.gwas.imputed_v3.both_sexes.tsv	tsk1096
S67.gwas.imputed_v3.both_sexes.tsv	tsk1097
S68.gwas.imputed_v3.both_sexes.tsv	tsk1098
S69.gwas.imputed_v3.both_sexes.tsv	tsk1099
S70.gwas.imputed_v3.both_sexes.tsv	tsk1100
S72.gwas.imputed_v3.both_sexes.tsv	tsk1101
S76.gwas.imputed_v3.both_sexes.tsv	tsk1102
S80.gwas.imputed_v3.both_sexes.tsv	tsk1103
S81.gwas.imputed_v3.both_sexes.tsv	tsk1104
S82.gwas.imputed_v3.both_sexes.tsv	tsk1105
S83.gwas.imputed_v3.both_sexes.tsv	tsk1106
S86.gwas.imputed_v3.both_sexes.tsv	tsk1107
S89.gwas.imputed_v3.both_sexes.tsv	tsk1108
S91.gwas.imputed_v3.both_sexes.tsv	tsk1109
S92.gwas.imputed_v3.both_sexes.tsv	tsk1110
S93.gwas.imputed_v3.both_sexes.tsv	tsk1111
SCND_OTH_COXARTHROSIS.gwas.imputed_v3.both_sexes.tsv	tsk1112
SFN.gwas.imputed_v3.both_sexes.tsv	tsk1113
SLEEP.gwas.imputed_v3.both_sexes.tsv	tsk1114
SNORING.gwas.imputed_v3.both_sexes.tsv	tsk1115
SPONDYLOARTHRITIS.gwas.imputed_v3.both_sexes.tsv	tsk1116
SPONDYLOPATHY_FG.gwas.imputed_v3.both_sexes.tsv	tsk1117
STILL_ADULT.gwas.imputed_v3.both_sexes.tsv	tsk1118
T14.gwas.imputed_v3.both_sexes.tsv	tsk1119
T17.gwas.imputed_v3.both_sexes.tsv	tsk1120
T18.gwas.imputed_v3.both_sexes.tsv	tsk1121
T39.gwas.imputed_v3.both_sexes.tsv	tsk1122
T40.gwas.imputed_v3.both_sexes.tsv	tsk1123
T42.gwas.imputed_v3.both_sexes.tsv	tsk1124
T43.gwas.imputed_v3.both_sexes.tsv	tsk1125
T50.gwas.imputed_v3.both_sexes.tsv	tsk1126
T78.gwas.imputed_v3.both_sexes.tsv	tsk1127
T79.gwas.imputed_v3.both_sexes.tsv	tsk1128
T81.gwas.imputed_v3.both_sexes.tsv	tsk1129
T82.gwas.imputed_v3.both_sexes.tsv	tsk1130
T83.gwas.imputed_v3.both_sexes.tsv	tsk1131
T84.gwas.imputed_v3.both_sexes.tsv	tsk1132
T85.gwas.imputed_v3.both_sexes.tsv	tsk1133
T86.gwas.imputed_v3.both_sexes.tsv	tsk1134
T87.gwas.imputed_v3.both_sexes.tsv	tsk1135
T88.gwas.imputed_v3.both_sexes.tsv	tsk1136
THYROTOXICOSIS.gwas.imputed_v3.both_sexes.tsv	tsk1137
TRAUMBRAIN_NONCONCUS.gwas.imputed_v3.both_sexes.tsv	tsk1138
ULCERNAS.gwas.imputed_v3.both_sexes.tsv	tsk1139
ULCEROTH.gwas.imputed_v3.both_sexes.tsv	tsk1140
ULCERPROCT.gwas.imputed_v3.both_sexes.tsv	tsk1141
ULCERRECT.gwas.imputed_v3.both_sexes.tsv	tsk1142
V_MENTAL_BEHAV.gwas.imputed_v3.both_sexes.tsv	tsk1143
VI_NERVOUS.gwas.imputed_v3.both_sexes.tsv	tsk1144
VII_EYE_ADNEXA.gwas.imputed_v3.both_sexes.tsv	tsk1145
VIII_EAR_MASTOID.gwas.imputed_v3.both_sexes.tsv	tsk1146
VIT_DEF.gwas.imputed_v3.both_sexes.tsv	tsk1147
VOCALCORDDYS.gwas.imputed_v3.both_sexes.tsv	tsk1148
X_RESPIRATORY.gwas.imputed_v3.both_sexes.tsv	tsk1149
XI_DIGESTIVE.gwas.imputed_v3.both_sexes.tsv	tsk1150
XII_SKIN_SUBCUTAN.gwas.imputed_v3.both_sexes.tsv	tsk1151
XIII_MUSCULOSKELET.gwas.imputed_v3.both_sexes.tsv	tsk1152
XIV_GENITOURINARY.gwas.imputed_v3.both_sexes.tsv	tsk1153
XIX_INJURY_POISON.gwas.imputed_v3.both_sexes.tsv	tsk1154
XV_PREGNANCY_BIRTH.gwas.imputed_v3.both_sexes.tsv	tsk1155
XVII_MALFORMAT_ABNORMAL.gwas.imputed_v3.both_sexes.tsv	tsk1156
XVIII_MISCFINDINGS.gwas.imputed_v3.both_sexes.tsv	tsk1157
XX_EXTERNAL_MORB_MORT.gwas.imputed_v3.both_sexes.tsv	tsk1158
XXI_HEALTHFACTORS.gwas.imputed_v3.both_sexes.tsv	tsk1159
Z00.gwas.imputed_v3.both_sexes.tsv	tsk1160
Z01.gwas.imputed_v3.both_sexes.tsv	tsk1161
Z03.gwas.imputed_v3.both_sexes.tsv	tsk1162
Z04.gwas.imputed_v3.both_sexes.tsv	tsk1163
Z08.gwas.imputed_v3.both_sexes.tsv	tsk1164
Z09.gwas.imputed_v3.both_sexes.tsv	tsk1165
Z11.gwas.imputed_v3.both_sexes.tsv	tsk1166
Z12.gwas.imputed_v3.both_sexes.tsv	tsk1167
Z13.gwas.imputed_v3.both_sexes.tsv	tsk1168
Z29.gwas.imputed_v3.both_sexes.tsv	tsk1169
Z30.gwas.imputed_v3.both_sexes.tsv	tsk1170
Z31.gwas.imputed_v3.both_sexes.tsv	tsk1171
Z34.gwas.imputed_v3.both_sexes.tsv	tsk1172
Z35.gwas.imputed_v3.both_sexes.tsv	tsk1173
Z36.gwas.imputed_v3.both_sexes.tsv	tsk1174
Z39.gwas.imputed_v3.both_sexes.tsv	tsk1175
Z40.gwas.imputed_v3.both_sexes.tsv	tsk1176
Z41.gwas.imputed_v3.both_sexes.tsv	tsk1177
Z42.gwas.imputed_v3.both_sexes.tsv	tsk1178
Z43.gwas.imputed_v3.both_sexes.tsv	tsk1179
Z45.gwas.imputed_v3.both_sexes.tsv	tsk1180
Z46.gwas.imputed_v3.both_sexes.tsv	tsk1181
Z47.gwas.imputed_v3.both_sexes.tsv	tsk1182
Z48.gwas.imputed_v3.both_sexes.tsv	tsk1183
Z50.gwas.imputed_v3.both_sexes.tsv	tsk1184
Z51.gwas.imputed_v3.both_sexes.tsv	tsk1185
Z52.gwas.imputed_v3.both_sexes.tsv	tsk1186
Z53.gwas.imputed_v3.both_sexes.tsv	tsk1187
Z71.gwas.imputed_v3.both_sexes.tsv	tsk1188
Z76.gwas.imputed_v3.both_sexes.tsv	tsk1189
Z80.gwas.imputed_v3.both_sexes.tsv	tsk1190
Z85.gwas.imputed_v3.both_sexes.tsv	tsk1191
Z87.gwas.imputed_v3.both_sexes.tsv	tsk1192
30600_irnt.gwas.imputed_v3.both_sexes.tsv	tsk1193
30600_raw.gwas.imputed_v3.both_sexes.tsv	tsk1194
30610_irnt.gwas.imputed_v3.both_sexes.tsv	tsk1195
30610_raw.gwas.imputed_v3.both_sexes.tsv	tsk1196
30620_irnt.gwas.imputed_v3.both_sexes.tsv	tsk1197
30620_raw.gwas.imputed_v3.both_sexes.tsv	tsk1198
30630_irnt.gwas.imputed_v3.both_sexes.tsv	tsk1199
30630_raw.gwas.imputed_v3.both_sexes.tsv	tsk1200
30640_irnt.gwas.imputed_v3.both_sexes.tsv	tsk1201
30640_raw.gwas.imputed_v3.both_sexes.tsv	tsk1202
30650_irnt.gwas.imputed_v3.both_sexes.tsv	tsk1203
30650_raw.gwas.imputed_v3.both_sexes.tsv	tsk1204
30660_irnt.gwas.imputed_v3.both_sexes.tsv	tsk1205
30660_raw.gwas.imputed_v3.both_sexes.tsv	tsk1206
30670_irnt.gwas.imputed_v3.both_sexes.tsv	tsk1207
30670_raw.gwas.imputed_v3.both_sexes.tsv	tsk1208
30680_irnt.gwas.imputed_v3.both_sexes.tsv	tsk1209
30680_raw.gwas.imputed_v3.both_sexes.tsv	tsk1210
30690_irnt.gwas.imputed_v3.both_sexes.tsv	tsk1211
30690_raw.gwas.imputed_v3.both_sexes.tsv	tsk1212
30700_irnt.gwas.imputed_v3.both_sexes.tsv	tsk1213
30700_raw.gwas.imputed_v3.both_sexes.tsv	tsk1214
30710_irnt.gwas.imputed_v3.both_sexes.tsv	tsk1215
30710_raw.gwas.imputed_v3.both_sexes.tsv	tsk1216
30720_irnt.gwas.imputed_v3.both_sexes.tsv	tsk1217
30720_raw.gwas.imputed_v3.both_sexes.tsv	tsk1218
30730_irnt.gwas.imputed_v3.both_sexes.tsv	tsk1219
30730_raw.gwas.imputed_v3.both_sexes.tsv	tsk1220
30740_irnt.gwas.imputed_v3.both_sexes.tsv	tsk1221
30740_raw.gwas.imputed_v3.both_sexes.tsv	tsk1222
30750_irnt.gwas.imputed_v3.both_sexes.tsv	tsk1223
30750_raw.gwas.imputed_v3.both_sexes.tsv	tsk1224
30760_irnt.gwas.imputed_v3.both_sexes.tsv	tsk1225
30760_raw.gwas.imputed_v3.both_sexes.tsv	tsk1226
30770_irnt.gwas.imputed_v3.both_sexes.tsv	tsk1227
30770_raw.gwas.imputed_v3.both_sexes.tsv	tsk1228
30780_irnt.gwas.imputed_v3.both_sexes.tsv	tsk1229
30780_raw.gwas.imputed_v3.both_sexes.tsv	tsk1230
30790_irnt.gwas.imputed_v3.both_sexes.tsv	tsk1231
30790_raw.gwas.imputed_v3.both_sexes.tsv	tsk1232
30800_irnt.gwas.imputed_v3.both_sexes.tsv	tsk1233
30800_raw.gwas.imputed_v3.both_sexes.tsv	tsk1234
30810_irnt.gwas.imputed_v3.both_sexes.tsv	tsk1235
30810_raw.gwas.imputed_v3.both_sexes.tsv	tsk1236
30820_irnt.gwas.imputed_v3.both_sexes.tsv	tsk1237
30820_raw.gwas.imputed_v3.both_sexes.tsv	tsk1238
30830_irnt.gwas.imputed_v3.both_sexes.tsv	tsk1239
30830_raw.gwas.imputed_v3.both_sexes.tsv	tsk1240
30840_irnt.gwas.imputed_v3.both_sexes.tsv	tsk1241
30840_raw.gwas.imputed_v3.both_sexes.tsv	tsk1242
30850_irnt.gwas.imputed_v3.both_sexes.tsv	tsk1243
30850_raw.gwas.imputed_v3.both_sexes.tsv	tsk1244
30860_irnt.gwas.imputed_v3.both_sexes.tsv	tsk1245
30860_raw.gwas.imputed_v3.both_sexes.tsv	tsk1246
30870_irnt.gwas.imputed_v3.both_sexes.tsv	tsk1247
30870_raw.gwas.imputed_v3.both_sexes.tsv	tsk1248
30880_irnt.gwas.imputed_v3.both_sexes.tsv	tsk1249
30880_raw.gwas.imputed_v3.both_sexes.tsv	tsk1250
30890_irnt.gwas.imputed_v3.both_sexes.tsv	tsk1251
30890_raw.gwas.imputed_v3.both_sexes.tsv	tsk1252
30897_irnt.gwas.imputed_v3.both_sexes.tsv	tsk1253
30897_raw.gwas.imputed_v3.both_sexes.tsv	tsk1254
20002_1381.gwas.imputed_v3.both_sexes.tsv	tsk1255
6148_5.gwas.imputed_v3.both_sexes.tsv	tsk1256
